epiweek,Violencia,violencia de genero,Municipality code,Count,NumMentions,NumSources,NumArticles,AvgTone
201801,20,32,Medellín,14.0,82.0,15.0,66.0,-6.511003492672446
201802,14,0,Medellín,7.0,38.0,7.0,38.0,-1.518427705779903
201803,31,22,Medellín,20.0,107.0,20.0,107.0,-3.412981028931646
201804,31,2,Medellín,6.0,37.0,6.0,37.0,-4.51534401027538
201805,38,0,Medellín,13.0,50.0,13.0,50.0,-5.697037156589793
201806,47,19,Medellín,12.0,49.0,12.0,49.0,-4.391298054125423
201807,52,24,Medellín,6.0,15.0,6.0,15.0,-3.1200334009194464
201808,52,38,Medellín,13.0,130.0,24.0,124.0,-6.142265810361012
201809,58,20,Medellín,15.0,80.0,21.0,80.0,-5.503984110984907
201810,55,66,Medellín,13.0,45.0,15.0,45.0,-5.594923683941318
201811,69,38,Medellín,26.0,255.0,48.0,255.0,-4.009245808408936
201812,56,22,Medellín,7.0,15.0,7.0,15.0,-7.048610635118644
201813,50,1,Medellín,5.0,98.0,21.0,96.0,-7.780900258427303
201814,46,1,Medellín,9.0,450.0,91.0,450.0,-3.8728832591418825
201815,61,35,Medellín,18.0,339.0,54.0,317.0,-7.457871729807932
201816,66,42,Medellín,9.0,396.0,41.0,396.0,-5.728523678686142
201817,67,31,Medellín,16.0,96.0,17.0,96.0,-6.236377288841469
201818,74,19,Medellín,18.0,124.0,22.0,122.0,-5.281051729473457
201819,51,49,Medellín,4.0,16.0,4.0,16.0,-2.4839259502442648
201820,56,24,Medellín,5.0,23.0,5.0,23.0,-3.0870842646173875
201821,66,67,Medellín,28.0,192.0,60.0,192.0,-5.836899133396828
201822,61,53,Medellín,13.0,55.0,16.0,55.0,-4.608029652658424
201823,45,21,Medellín,12.0,50.0,14.0,50.0,-3.4120371271396883
201824,37,76,Medellín,10.0,56.0,11.0,56.0,-6.752183832684693
201825,26,1,Medellín,10.0,53.0,10.0,53.0,-2.4193800388268967
201826,35,0,Medellín,12.0,42.0,12.0,42.0,-2.422402802910067
201827,30,1,Medellín,13.0,76.0,16.0,76.0,-3.652436200042216
201828,51,24,Medellín,16.0,63.0,18.0,63.0,-3.4073256034229025
201829,52,0,Medellín,11.0,55.0,11.0,55.0,-3.651682039205727
201830,61,33,Medellín,12.0,1944.0,12.0,1938.0,-5.2135486866627305
201831,46,2,Medellín,16.0,47.0,16.0,47.0,-4.1123470921423895
201832,55,0,Medellín,6.0,30.0,6.0,30.0,-4.878169552759212
201833,51,52,Medellín,11.0,55.0,14.0,55.0,-6.81276283237642
201834,53,0,Medellín,5.0,28.0,7.0,25.0,-11.807333756392245
201835,63,18,Medellín,7.0,20.0,7.0,20.0,-3.319172959383642
201836,87,72,Medellín,15.0,62.0,16.0,54.0,-3.3268253184425203
201837,62,0,Medellín,11.0,46.0,11.0,44.0,-6.700304714398169
201838,59,22,Medellín,25.0,558.0,124.0,558.0,-4.274122457057158
201839,62,35,Medellín,11.0,92.0,11.0,92.0,-3.904942525492412
201840,66,94,Medellín,9.0,52.0,9.0,52.0,-5.267094400154437
201841,56,63,Medellín,2.0,2.0,2.0,2.0,-1.8568665377176
201842,60,1,Medellín,5.0,31.0,5.0,31.0,-9.291010410579196
201843,57,1,Medellín,2.0,2.0,2.0,2.0,-2.34341712824883
201844,60,0,Medellín,9.0,37.0,9.0,37.0,-4.241118486596918
201845,75,26,Medellín,8.0,550.0,60.0,362.0,-3.947538137639334
201846,69,64,Medellín,8.0,167.0,31.0,158.0,-5.548342409986198
201847,64,44,Medellín,3.0,56.0,7.0,56.0,-6.811174929819007
201848,58,99,Medellín,5.0,33.0,5.0,33.0,-3.6866492518278178
201849,27,3,Medellín,15.0,202.0,67.0,197.0,-5.516439389966854
201850,27,1,Medellín,15.0,57.0,21.0,57.0,-4.641417133250217
201851,17,0,Medellín,11.0,170.0,62.0,170.0,-4.190705309896958
201852,17,1,Medellín,17.0,253.0,82.0,252.0,-3.1165968440979297
201901,23,39,Medellín,5.0,20.0,7.0,20.0,-3.136399508985549
201902,27,71,Medellín,9.0,63.0,14.0,63.0,-5.423975510790074
201903,33,0,Medellín,16.0,323.0,58.0,323.0,-7.392383725413404
201904,49,19,Medellín,6.0,36.0,6.0,36.0,-4.24278549506029
201905,56,25,Medellín,16.0,128.0,23.0,128.0,-4.9906890249725135
201906,63,40,Medellín,23.0,554.0,101.0,547.0,-5.046708107163375
201907,59,0,Medellín,18.0,137.0,18.0,133.0,-4.625320132672232
201908,73,44,Medellín,14.0,95.0,17.0,91.0,-3.728952513617272
201909,78,1,Medellín,17.0,108.0,17.0,108.0,-4.327488077208933
201910,75,30,Medellín,5.0,29.0,5.0,29.0,-6.719592553469522
201911,79,99,Medellín,1.0,4.0,1.0,4.0,-4.73537604456824
201912,58,48,Medellín,3.0,6.0,3.0,6.0,-2.20368972908591
201913,67,44,Medellín,15.0,96.0,20.0,96.0,-3.129088286175293
201914,64,22,Medellín,4.0,25.0,4.0,25.0,-7.80602124028611
201915,77,19,Medellín,6.0,27.0,6.0,27.0,-7.113702490187748
201916,40,1,Medellín,4.0,20.0,5.0,20.0,-3.9949989803933423
201917,61,26,Medellín,3.0,18.0,3.0,18.0,-4.868867312825191
201918,58,0,Medellín,3.0,12.0,3.0,12.0,-5.8516576979002695
201919,80,44,Medellín,4.0,18.0,4.0,18.0,-5.259883064089655
201920,67,40,Medellín,5.0,22.0,5.0,22.0,-6.7194047522316
201921,75,54,Medellín,4.0,17.0,4.0,17.0,-3.625546210382703
201922,58,26,Medellín,5.0,24.0,5.0,24.0,-5.1235132662397
201923,53,27,Medellín,2.0,20.0,2.0,20.0,-6.34920634920635
201924,37,0,Medellín,2.0,4.0,2.0,4.0,-4.710097506707675
201925,39,0,Medellín,39.0,196.0,41.0,196.0,-5.268936213183395
201926,37,36,Medellín,10.0,70.0,20.0,70.0,-2.998572493874157
201927,45,1,Medellín,4.0,27.0,4.0,27.0,-3.7183578367871273
201928,57,28,Medellín,8.0,44.0,8.0,40.0,-4.210492856072186
201929,46,32,Medellín,5.0,9.0,5.0,9.0,-2.192621029004438
201930,59,0,Medellín,6.0,48.0,6.0,48.0,-2.0456441982443647
201931,66,1,Medellín,6.0,54.0,7.0,54.0,-4.07352420997985
201932,62,1,Medellín,12.0,51.0,12.0,51.0,-5.948814637106444
201933,64,25,Medellín,19.0,47.0,19.0,47.0,-5.06902018872144
201934,65,2,Medellín,9.0,40.0,9.0,40.0,-4.944513324792033
201935,62,21,Medellín,7.0,29.0,7.0,29.0,-5.850826168970684
201936,57,22,Medellín,28.0,247.0,41.0,247.0,-5.020088273981089
201937,61,48,Medellín,4.0,30.0,4.0,30.0,-0.6836664315690699
201938,66,61,Medellín,5.0,151.0,16.0,151.0,-1.733314712865456
201939,69,38,Medellín,1.0,8.0,2.0,8.0,-7.68177028451001
201940,81,20,Medellín,13.0,45.0,13.0,45.0,-5.059956707734118
201941,57,38,Medellín,5.0,30.0,5.0,30.0,-8.718748891804694
201942,59,1,Medellín,9.0,95.0,12.0,95.0,-5.238608107034618
201943,75,25,Medellín,5.0,27.0,5.0,27.0,-0.879682740614738
201944,51,16,Medellín,6.0,27.0,6.0,27.0,-5.384899314759658
201945,68,48,Medellín,16.0,70.0,16.0,70.0,-3.533582128786649
201946,54,26,Medellín,8.0,39.0,8.0,39.0,-1.2491356633346624
201947,54,1,Medellín,37.0,185.0,40.0,179.0,-6.27453520122983
201948,59,26,Medellín,9.0,43.0,9.0,43.0,-5.4279787535016215
201949,35,43,Medellín,9.0,97.0,14.0,97.0,-5.939156741047999
201950,33,0,Medellín,2.0,3.0,2.0,3.0,-5.29801324503312
201951,28,2,Medellín,3.0,24.0,9.0,20.0,-5.22682845198122
201952,37,20,Medellín,3.0,20.0,3.0,20.0,-2.35140431090791
202001,17,1,Medellín,3.0,40.0,5.0,40.0,-6.225468934405343
202002,18,61,Medellín,5.0,16.0,7.0,16.0,-5.356991359767896
202003,17,19,Medellín,7.0,35.0,10.0,31.0,-3.8618123620908458
202004,27,83,Medellín,4.0,27.0,4.0,27.0,-8.42694771983658
202005,43,16,Medellín,3.0,66.0,6.0,58.0,-5.89517330340336
202006,46,0,Medellín,44.0,550.0,109.0,546.0,-7.845752922618984
202007,57,0,Medellín,6.0,480.0,190.0,480.0,-2.99876168132061
202008,62,45,Medellín,3.0,11.0,3.0,11.0,-2.7027027027027
202009,61,0,Medellín,13.0,58.0,13.0,54.0,-5.823599044750201
202010,64,38,Medellín,3.0,15.0,3.0,15.0,-4.225668689593166
202011,64,29,Medellín,7.0,47.0,7.0,47.0,-6.442663970436117
202012,41,34,Medellín,4.0,58.0,6.0,58.0,-4.6394961121117095
202013,49,33,Medellín,4.0,12.0,4.0,12.0,-3.8570219823108927
202014,55,49,Medellín,6.0,39.0,6.0,39.0,-5.229485889167487
202015,45,31,Medellín,6.0,19.0,6.0,19.0,-3.4741958135911584
202016,54,22,Medellín,2.0,5.0,3.0,5.0,-5.76703357402112
202017,79,50,Medellín,2.0,36.0,2.0,36.0,-4.40921359900525
202018,77,50,Medellín,4.0,85.0,31.0,85.0,-4.824395340668442
202019,92,62,Medellín,4.0,30.0,4.0,30.0,-7.8041246479513
202020,91,49,Medellín,6.0,46.0,33.0,46.0,-3.1830463605540618
202021,82,14,Medellín,1.0,8.0,1.0,8.0,-7.33788395904437
202022,70,37,Medellín,2.0,10.0,2.0,10.0,-3.8860103626943
202024,68,29,Medellín,8.0,30.0,8.0,30.0,-5.00676589986468
202025,67,40,Medellín,12.0,77.0,18.0,77.0,-2.7867437628730216
202026,80,13,Medellín,1.0,2.0,1.0,2.0,-4.18743768693918
202027,61,37,Medellín,9.0,34.0,9.0,34.0,-2.500290454907289
202028,63,44,Medellín,2.0,18.0,5.0,18.0,-4.68861389530287
202029,55,30,Medellín,8.0,172.0,20.0,172.0,-3.879233652160061
202030,48,1,Medellín,5.0,23.0,5.0,23.0,-5.072950005790074
202031,57,31,Medellín,6.0,22.0,6.0,22.0,-4.06586344926765
202032,64,39,Medellín,11.0,80.0,12.0,80.0,-3.4317922674568355
202033,71,57,Medellín,2.0,7.0,2.0,7.0,-4.41176470588236
202034,85,50,Medellín,3.0,9.0,3.0,9.0,-6.28183361629884
202035,74,31,Medellín,17.0,381.0,82.0,381.0,-5.513078930913657
202036,80,31,Medellín,12.0,39.0,12.0,39.0,-6.237856674236896
202037,100,66,Medellín,8.0,200.0,20.0,172.0,-12.195639239923862
202038,82,44,Medellín,9.0,146.0,25.0,146.0,-9.307484978257982
202039,71,34,Medellín,5.0,36.0,7.0,36.0,-3.0820166477368
202040,74,33,Medellín,3.0,30.0,3.0,30.0,-8.84135472370766
202041,49,44,Medellín,4.0,21.0,4.0,21.0,-7.213766944242348
202042,60,38,Medellín,2.0,2.0,2.0,2.0,-5.62913907284768
202043,78,31,Medellín,4.0,17.0,4.0,17.0,-5.362483976641505
202044,85,41,Medellín,3.0,16.0,3.0,16.0,-3.532907989507704
202045,76,80,Medellín,8.0,21.0,8.0,21.0,-8.06818181818184
202046,82,93,Medellín,3.0,15.0,3.0,15.0,-5.644456364105923
202047,72,36,Medellín,1.0,8.0,1.0,8.0,-10.7569721115538
202048,90,82,Medellín,6.0,22.0,6.0,22.0,-5.320024404432525
202051,23,0,Medellín,9.0,42.0,11.0,42.0,-6.313610386451933
202052,26,1,Medellín,3.0,10.0,3.0,10.0,-2.04780019405132
202101,18,1,Medellín,1.0,10.0,1.0,10.0,-5.6140350877193
202102,25,0,Medellín,7.0,14.0,7.0,14.0,-3.310341862747287
202103,28,15,Medellín,3.0,14.0,3.0,14.0,-2.765291322176703
202104,33,0,Medellín,4.0,25.0,4.0,25.0,-4.00368553012609
202105,44,1,Medellín,9.0,32.0,13.0,32.0,-4.261196379939966
202106,44,17,Medellín,14.0,185.0,63.0,185.0,-3.647838341490719
202108,66,1,Medellín,6.0,24.0,6.0,24.0,-7.270395632464587
202110,67,41,Medellín,5.0,38.0,5.0,38.0,-5.747408313352347
202111,63,28,Medellín,6.0,18.0,6.0,18.0,-3.583838874973132
202112,71,20,Medellín,3.0,12.0,3.0,12.0,-2.09889509065889
202113,44,0,Medellín,5.0,17.0,5.0,17.0,-3.2379859852606314
202114,68,46,Medellín,2.0,10.0,2.0,10.0,1.41342756183745
202115,68,39,Medellín,2.0,4.0,2.0,4.0,-6.426735218509
202116,63,23,Medellín,2.0,9.0,2.0,9.0,-8.36501901140685
202117,83,60,Medellín,17.0,100.0,17.0,100.0,-5.380105143076284
202118,79,65,Medellín,22.0,200.0,38.0,200.0,-8.62570294453135
202119,75,0,Medellín,5.0,34.0,5.0,34.0,-6.40830123096856
202120,56,32,Medellín,8.0,140.0,17.0,140.0,-5.091620674280366
202121,65,35,Medellín,3.0,30.0,3.0,30.0,-8.39982269503546
202122,66,0,Medellín,20.0,101.0,20.0,101.0,-6.16578307513038
202123,60,0,Medellín,10.0,62.0,13.0,62.0,-6.619692288625108
202124,37,25,Medellín,4.0,16.0,4.0,16.0,-2.88590604026846
202126,28,15,Medellín,14.0,220.0,71.0,194.0,-6.210286704973243
202128,47,16,Medellín,8.0,155.0,32.0,155.0,-3.236815802921279
202129,43,27,Medellín,21.0,155.0,30.0,131.0,-6.043484940442977
202130,56,25,Medellín,11.0,71.0,12.0,71.0,-4.68374271534377
202131,58,17,Medellín,4.0,14.0,5.0,14.0,-3.7450333736560224
202132,67,29,Medellín,6.0,35.0,6.0,35.0,-7.464923693664185
202133,55,38,Medellín,5.0,54.0,5.0,34.0,-7.233323321410076
202134,68,34,Medellín,5.0,80.0,19.0,80.0,-6.0315798499598205
202135,59,50,Medellín,3.0,14.0,3.0,14.0,-5.925245295590586
202136,57,43,Medellín,3.0,26.0,3.0,26.0,-1.843593872579378
202138,68,82,Medellín,1.0,2.0,1.0,2.0,-4.11622276029056
202139,72,0,Medellín,8.0,44.0,8.0,44.0,-6.580086650808999
202141,51,21,Medellín,3.0,7.0,3.0,7.0,-1.6252390057361366
202142,62,79,Medellín,8.0,38.0,8.0,38.0,-3.940700294189415
202143,69,32,Medellín,9.0,40.0,16.0,40.0,-3.5400450195517377
202146,59,34,Medellín,1.0,2.0,1.0,2.0,-10.5882352941176
202147,72,29,Medellín,11.0,68.0,11.0,68.0,-5.814833092648383
202148,33,29,Medellín,3.0,60.0,24.0,60.0,-8.24971047625654
202149,23,1,Medellín,3.0,12.0,3.0,12.0,-4.44699750670891
202151,16,63,Medellín,3.0,14.0,3.0,14.0,-2.53342716396904
202152,16,0,Medellín,3.0,13.0,3.0,13.0,-3.361092867273737
202201,24,19,Medellín,2.0,16.0,2.0,8.0,-4.8951048951049
202202,23,2,Medellín,3.0,76.0,7.0,44.0,-6.135554110145283
202203,27,20,Medellín,7.0,32.0,7.0,32.0,-7.253878590406969
202204,34,39,Medellín,1.0,6.0,1.0,6.0,-4.47585394581861
202207,72,45,Medellín,6.0,618.0,87.0,598.0,-3.8714119080605536
202208,59,48,Medellín,20.0,130.0,23.0,130.0,-4.105017392522813
202209,79,35,Medellín,2.0,8.0,2.0,8.0,-1.46968769136559
202210,84,30,Medellín,1.0,10.0,1.0,10.0,-4.83675937122128
202211,75,29,Medellín,4.0,36.0,6.0,36.0,-0.7955484608136276
202212,61,54,Medellín,2.0,7.0,2.0,7.0,-5.52631578947369
202213,81,34,Medellín,1.0,2.0,2.0,2.0,-1.2217840285884
202214,70,33,Medellín,1.0,2.0,1.0,2.0,-5.26315789473684
202215,38,20,Medellín,31.0,261.0,60.0,254.0,-5.989873452614305
202216,80,49,Medellín,1.0,4.0,1.0,4.0,-7.84883720930233
202217,73,51,Medellín,8.0,748.0,184.0,746.0,-7.233872051699444
202218,79,45,Medellín,15.0,51.0,18.0,51.0,-5.940128714821944
202219,82,57,Medellín,1.0,10.0,1.0,10.0,-6.94444444444444
202220,78,50,Medellín,7.0,45.0,10.0,45.0,-4.693129450744182
202221,73,44,Medellín,19.0,164.0,24.0,150.0,-4.848734971284227
202222,71,55,Medellín,20.0,379.0,103.0,379.0,-5.551842112093263
202225,36,1,Medellín,2.0,16.0,3.0,16.0,-1.528183572305545
202226,39,21,Medellín,6.0,34.0,6.0,34.0,-1.6606572445844134
202227,43,34,Medellín,11.0,51.0,11.0,51.0,-5.010941113613656
202228,58,44,Medellín,2.0,2.0,2.0,2.0,-9.19765166340507
202230,65,20,Medellín,3.0,20.0,6.0,20.0,-4.5742985735638735
202231,69,20,Medellín,5.0,25.0,5.0,25.0,-5.946404367786572
202232,76,0,Medellín,4.0,14.0,5.0,14.0,-3.6637512605225497
202236,77,71,Medellín,1.0,6.0,1.0,6.0,3.35820895522388
202237,69,65,Medellín,1.0,6.0,1.0,6.0,3.03254437869823
202239,84,80,Medellín,4.0,10.0,5.0,10.0,-5.10682785888078
202240,84,34,Medellín,2.0,5.0,2.0,5.0,-1.05880669623695
202243,89,100,Medellín,5.0,23.0,5.0,23.0,-6.066378998248556
202244,93,36,Medellín,2.0,20.0,2.0,20.0,-1.06209150326797
202246,68,82,Medellín,13.0,67.0,13.0,59.0,-5.959277787464552
202247,68,92,Medellín,3.0,19.0,3.0,19.0,-5.43078949192487
202248,42,18,Medellín,2.0,10.0,2.0,10.0,-4.368687619066485
202250,33,1,Medellín,2.0,6.0,3.0,6.0,-3.33333333333333
202251,27,38,Medellín,1.0,4.0,1.0,4.0,-4.3343653250774
201801,22,0,Cali,2.0,10.0,1.0,10.0,-4.92125984251968
201802,17,1,Cali,2.0,4.0,1.0,4.0,-7.37179487179487
201803,29,13,Cali,1.0,0.0,0.0,0.0,0.0
201804,30,19,Cali,1.0,0.0,0.0,0.0,0.0
201805,36,0,Cali,13.0,150.0,22.0,130.0,-6.995413445102703
201806,51,0,Cali,2.0,6.0,1.0,6.0,-2.29885057471264
201807,37,14,Cali,3.0,4.0,2.0,4.0,-7.16253443526171
201808,45,20,Cali,5.0,10.0,4.0,10.0,0.44144378083615
201809,53,16,Cali,4.0,22.0,3.0,22.0,-5.137709175050589
201810,59,49,Cali,1.0,0.0,0.0,0.0,0.0
201811,36,1,Cali,3.0,30.0,4.0,30.0,-1.33656882287569
201812,49,32,Cali,1.0,0.0,0.0,0.0,0.0
201813,32,0,Cali,7.0,43.0,6.0,40.0,-5.99510893279349
201814,57,53,Cali,1.0,0.0,0.0,0.0,0.0
201815,59,30,Cali,1.0,0.0,0.0,0.0,0.0
201816,53,27,Cali,3.0,10.0,2.0,10.0,-6.29370629370629
201817,55,13,Cali,3.0,5.0,2.0,5.0,-4.86552700082538
201818,52,16,Cali,3.0,8.0,2.0,8.0,2.12139981418396
201819,68,29,Cali,1.0,0.0,0.0,0.0,0.0
201820,47,16,Cali,11.0,22.0,10.0,22.0,-3.67010133239436
201821,64,16,Cali,2.0,10.0,1.0,10.0,-8.97959183673471
201822,57,19,Cali,1.0,0.0,0.0,0.0,0.0
201823,44,1,Cali,1.0,0.0,0.0,0.0,0.0
201824,38,0,Cali,2.0,4.0,1.0,4.0,-5.05415162454873
201825,33,0,Cali,6.0,23.0,5.0,23.0,-5.13761467889908
201826,34,40,Cali,1.0,0.0,0.0,0.0,0.0
201827,27,15,Cali,3.0,12.0,2.0,12.0,-6.173499404497106
201829,25,35,Cali,11.0,99.0,25.0,99.0,-5.230878113077159
201830,40,23,Cali,1.0,0.0,0.0,0.0,0.0
201831,52,16,Cali,6.0,18.0,5.0,18.0,-7.461791734237551
201832,39,28,Cali,2.0,8.0,1.0,8.0,-3.77358490566037
201833,54,30,Cali,3.0,10.0,3.0,10.0,-7.350675195451314
201834,61,0,Cali,7.0,25.0,8.0,25.0,-4.94378740690566
201835,60,50,Cali,2.0,5.0,1.0,5.0,-7.23684210526316
201836,39,22,Cali,1.0,0.0,0.0,0.0,0.0
201837,54,39,Cali,1.0,0.0,0.0,0.0,0.0
201838,60,100,Cali,1.0,0.0,0.0,0.0,0.0
201839,55,73,Cali,1.0,1.0,1.0,1.0,-4.67153284671533
201840,69,28,Cali,3.0,10.0,2.0,10.0,-6.59340659340659
201841,47,28,Cali,4.0,12.0,3.0,12.0,-7.24907063197026
201842,70,19,Cali,1.0,0.0,0.0,0.0,0.0
201843,63,36,Cali,1.0,0.0,0.0,0.0,0.0
201844,60,1,Cali,2.0,13.0,2.0,13.0,-6.56055148909802
201845,71,33,Cali,4.0,5.0,3.0,5.0,-3.20115356885364
201846,69,36,Cali,1.0,0.0,0.0,0.0,0.0
201847,59,17,Cali,2.0,10.0,1.0,10.0,-7.30337078651688
201848,65,30,Cali,1.0,0.0,0.0,0.0,0.0
201849,31,0,Cali,4.0,9.0,3.0,9.0,-6.640625
201850,23,19,Cali,3.0,4.0,2.0,4.0,-5.793999246668865
201851,17,0,Cali,1.0,0.0,0.0,0.0,0.0
201852,25,0,Cali,1.0,0.0,0.0,0.0,0.0
201901,22,0,Cali,1.0,0.0,0.0,0.0,0.0
201902,27,1,Cali,1.0,0.0,0.0,0.0,0.0
201903,35,15,Cali,1.0,0.0,0.0,0.0,0.0
201904,39,1,Cali,2.0,2.0,1.0,2.0,-4.85651214128035
201905,40,1,Cali,4.0,22.0,3.0,22.0,-5.678510292571446
201906,55,14,Cali,3.0,5.0,2.0,5.0,-3.883153106964625
201907,53,50,Cali,2.0,2.0,1.0,2.0,-4.72942246475671
201908,71,28,Cali,6.0,14.0,7.0,14.0,-3.401041303674358
201909,50,0,Cali,1.0,0.0,0.0,0.0,0.0
201910,58,31,Cali,1.0,0.0,0.0,0.0,0.0
201911,74,30,Cali,2.0,2.0,1.0,2.0,-0.14623446258835
201912,62,38,Cali,6.0,16.0,5.0,16.0,-4.495479452400263
201913,61,0,Cali,1.0,5.0,1.0,5.0,-7.09939148073022
201914,70,32,Cali,1.0,0.0,0.0,0.0,0.0
201915,61,25,Cali,1.0,0.0,0.0,0.0,0.0
201916,43,1,Cali,1.0,0.0,0.0,0.0,0.0
201917,70,21,Cali,3.0,16.0,2.0,16.0,-0.38834951456311
201918,54,33,Cali,2.0,10.0,1.0,10.0,-0.61538461538462
201919,62,47,Cali,1.0,0.0,0.0,0.0,0.0
201920,61,14,Cali,8.0,25.0,9.0,25.0,-2.1050311989073687
201921,47,21,Cali,4.0,15.0,3.0,15.0,-4.62170655064056
201922,83,30,Cali,2.0,3.0,1.0,3.0,-3.74203821656051
201923,50,12,Cali,1.0,0.0,0.0,0.0,0.0
201924,60,26,Cali,2.0,2.0,1.0,2.0,-5.13274336283185
201925,50,32,Cali,3.0,18.0,2.0,18.0,-1.490800865800865
201926,49,37,Cali,3.0,4.0,2.0,4.0,-6.52985074626866
201927,39,33,Cali,1.0,0.0,0.0,0.0,0.0
201928,52,0,Cali,1.0,0.0,0.0,0.0,0.0
201929,30,0,Cali,1.0,0.0,0.0,0.0,0.0
201930,47,25,Cali,9.0,31.0,8.0,31.0,-3.2574659646139126
201931,47,40,Cali,1.0,0.0,0.0,0.0,0.0
201932,45,2,Cali,1.0,0.0,0.0,0.0,0.0
201933,65,24,Cali,11.0,43.0,10.0,35.0,-3.1428275423346905
201934,69,50,Cali,7.0,33.0,6.0,28.0,-7.567567567567569
201935,56,15,Cali,2.0,20.0,1.0,10.0,-2.2038567493113
201936,71,29,Cali,1.0,0.0,0.0,0.0,0.0
201937,72,36,Cali,1.0,0.0,0.0,0.0,0.0
201938,55,12,Cali,1.0,0.0,0.0,0.0,0.0
201939,60,49,Cali,3.0,10.0,2.0,10.0,-4.67625899280576
201940,61,84,Cali,2.0,10.0,1.0,10.0,-3.24534833405453
201941,51,20,Cali,4.0,5.0,3.0,5.0,-5.77190542420028
201942,63,43,Cali,1.0,0.0,0.0,0.0,0.0
201943,69,51,Cali,4.0,5.0,3.0,5.0,-5.77190542420028
201944,68,21,Cali,1.0,0.0,0.0,0.0,0.0
201947,70,20,Cali,43.0,724.0,155.0,724.0,-8.739974831688704
201948,63,25,Cali,13.0,45.0,13.0,45.0,-7.056481575873553
201949,42,23,Cali,7.0,22.0,7.0,22.0,-9.684344497323336
201950,32,28,Cali,2.0,8.0,2.0,8.0,-3.71747211895911
201952,16,1,Cali,3.0,35.0,6.0,35.0,-5.8652194025768765
202003,26,0,Cali,4.0,258.0,42.0,258.0,-7.021615001179635
202005,41,42,Cali,4.0,17.0,4.0,17.0,-7.45831716273101
202006,39,33,Cali,2.0,5.0,2.0,5.0,-2.62773722627737
202007,45,32,Cali,1.0,10.0,1.0,10.0,-4.31034482758621
202011,64,1,Cali,2.0,12.0,2.0,12.0,-4.13559107052258
202013,51,15,Cali,6.0,28.0,14.0,28.0,-5.129233656631658
202014,51,28,Cali,4.0,4.0,4.0,4.0,-4.880495338163555
202017,85,24,Cali,1.0,10.0,1.0,10.0,-6.4030131826742
202018,63,33,Cali,4.0,40.0,4.0,40.0,-1.44329896907217
202019,68,27,Cali,1.0,10.0,1.0,10.0,-4.4971381847915
202020,69,35,Cali,6.0,66.0,11.0,66.0,-7.052949217686152
202022,60,17,Cali,3.0,17.0,3.0,17.0,-6.8817204301075305
202025,55,19,Cali,1.0,10.0,1.0,10.0,-8.82352941176471
202027,52,36,Cali,2.0,11.0,2.0,11.0,-3.39892665474061
202029,51,14,Cali,1.0,5.0,1.0,5.0,-5.04945340968246
202031,56,21,Cali,5.0,17.0,5.0,17.0,-6.727282141026502
202032,42,25,Cali,1.0,1.0,1.0,1.0,-1.33333333333333
202034,65,33,Cali,6.0,19.0,7.0,19.0,-6.372213908665077
202035,62,42,Cali,1.0,4.0,1.0,4.0,-5.15463917525773
202036,58,31,Cali,12.0,34.0,12.0,34.0,-6.344626369782685
202038,69,10,Cali,1.0,2.0,1.0,2.0,-6.19765494137354
202039,70,0,Cali,1.0,12.0,1.0,12.0,-7.89473684210526
202041,60,19,Cali,2.0,6.0,2.0,6.0,-7.41797432239657
202043,55,25,Cali,2.0,12.0,2.0,12.0,-5.74257425742574
202049,41,28,Cali,1.0,2.0,1.0,2.0,1.33060388945752
202053,11,20,Cali,4.0,24.0,4.0,24.0,-5.6782334384858
202101,23,0,Cali,10.0,174.0,34.0,174.0,-10.351869116640842
202102,28,69,Cali,1.0,4.0,1.0,4.0,-3.44827586206897
202104,36,16,Cali,8.0,8.0,8.0,8.0,-2.046545771993175
202105,41,0,Cali,10.0,39.0,12.0,38.0,-2.756355021958736
202108,56,0,Cali,1.0,5.0,1.0,5.0,-6.15883306320908
202112,64,20,Cali,3.0,11.0,3.0,11.0,-7.33820555249127
202117,71,41,Cali,6.0,14.0,6.0,14.0,-6.014715693873082
202118,78,38,Cali,9.0,45.0,9.0,45.0,-6.7591925663495145
202119,74,0,Cali,12.0,99.0,12.0,79.0,-6.328031745735518
202120,63,25,Cali,17.0,185.0,40.0,175.0,-8.914031516165778
202121,62,79,Cali,42.0,1460.0,187.0,1460.0,-7.658276118597415
202122,49,27,Cali,31.0,131.0,31.0,126.0,-8.49822163699555
202123,41,12,Cali,4.0,21.0,4.0,21.0,-7.726414703862074
202125,28,1,Cali,7.0,55.0,7.0,55.0,-8.201400270471172
202127,26,0,Cali,1.0,3.0,1.0,3.0,-3.27365728900256
202128,34,0,Cali,6.0,19.0,6.0,19.0,-6.27381985969354
202129,33,0,Cali,2.0,20.0,2.0,20.0,-10.320844670246306
202130,31,0,Cali,5.0,50.0,6.0,40.0,-9.118228931312334
202134,57,0,Cali,5.0,74.0,19.0,74.0,-5.726100361485086
202135,51,1,Cali,1.0,5.0,1.0,5.0,-4.41696113074205
202138,62,25,Cali,6.0,20.0,6.0,20.0,-4.92236632864255
202146,67,31,Cali,2.0,11.0,2.0,11.0,-7.44810744810745
202147,73,49,Cali,4.0,10.0,4.0,10.0,-4.44444444444444
202148,27,19,Cali,7.0,34.0,7.0,34.0,-6.95088044485635
202149,25,3,Cali,2.0,2.0,2.0,2.0,-2.5081788440567
202150,17,12,Cali,4.0,20.0,4.0,20.0,-7.4074074074074
202151,20,0,Cali,5.0,10.0,5.0,10.0,-2.53342716396904
202152,16,0,Cali,1.0,15.0,2.0,15.0,-5.30337078651685
202202,26,15,Cali,4.0,24.0,4.0,24.0,-4.73161794763168
202203,30,0,Cali,1.0,5.0,1.0,5.0,-5.89812332439678
202205,43,21,Cali,1.0,4.0,1.0,4.0,-8.2608695652174
202207,57,18,Cali,1.0,10.0,1.0,10.0,-11.6666666666666
202211,75,45,Cali,1.0,3.0,1.0,3.0,-1.43760782058654
202218,59,43,Cali,1.0,0.0,0.0,0.0,0.0
202219,65,35,Cali,2.0,3.0,1.0,3.0,-9.6354166666667
202220,71,0,Cali,1.0,0.0,0.0,0.0,0.0
202221,65,28,Cali,3.0,10.0,2.0,10.0,-7.5
202222,66,0,Cali,1.0,0.0,0.0,0.0,0.0
202223,62,24,Cali,1.0,0.0,0.0,0.0,0.0
202224,58,0,Cali,7.0,32.0,6.0,32.0,-8.475805350805354
202225,47,19,Cali,1.0,0.0,0.0,0.0,0.0
202226,32,1,Cali,37.0,875.0,178.0,875.0,-11.397591718638465
202227,36,0,Cali,1.0,0.0,0.0,0.0,0.0
202228,33,17,Cali,1.0,0.0,0.0,0.0,0.0
202229,41,16,Cali,1.0,0.0,0.0,0.0,0.0
202230,52,0,Cali,1.0,0.0,0.0,0.0,0.0
202231,56,21,Cali,1.0,0.0,0.0,0.0,0.0
202232,64,49,Cali,1.0,0.0,0.0,0.0,0.0
202233,50,12,Cali,5.0,21.0,4.0,11.0,-4.77648499693815
202235,53,40,Cali,5.0,20.0,4.0,20.0,-4.10783055198973
202236,60,19,Cali,1.0,0.0,0.0,0.0,0.0
202237,62,16,Cali,1.0,0.0,0.0,0.0,0.0
202238,75,31,Cali,3.0,10.0,3.0,10.0,-2.91262135922331
202242,61,46,Cali,2.0,15.0,2.0,15.0,-8.11629315566323
202244,67,28,Cali,1.0,8.0,1.0,8.0,-9.23076923076923
202250,37,33,Cali,2.0,30.0,2.0,16.0,-4.92610837438423
201801,12,31,Soacha,12.0,71.0,12.0,71.0,-9.38546512616954
201802,18,2,Soacha,22.0,206.0,31.0,206.0,-4.38462198608434
201803,30,25,Soacha,32.0,405.0,56.0,405.0,-3.543169954779857
201804,30,0,Soacha,28.0,211.0,35.0,211.0,-3.22255489188871
201805,27,0,Soacha,31.0,488.0,55.0,456.0,-6.300959092588433
201806,46,15,Soacha,31.0,325.0,60.0,317.0,-4.749691606276796
201807,32,45,Soacha,9.0,50.0,9.0,50.0,-4.372245687632708
201808,44,24,Soacha,34.0,507.0,71.0,491.0,-6.86900321898531
201809,75,1,Soacha,44.0,493.0,90.0,481.0,-4.937387226954534
201810,57,0,Soacha,32.0,263.0,54.0,253.0,-4.406016720354604
201811,75,56,Soacha,34.0,428.0,54.0,428.0,-4.639297458468239
201812,44,20,Soacha,23.0,227.0,36.0,227.0,-6.714386511064653
201813,29,0,Soacha,9.0,575.0,58.0,575.0,-3.436835770196172
201814,43,0,Soacha,15.0,584.0,56.0,584.0,-4.13074143967174
201815,45,0,Soacha,25.0,507.0,66.0,496.0,-3.9706261884967247
201816,51,0,Soacha,17.0,63.0,17.0,63.0,-4.014702076406997
201817,69,18,Soacha,18.0,120.0,18.0,120.0,-5.713025255760788
201818,53,15,Soacha,18.0,111.0,20.0,111.0,-4.501708279412603
201819,68,45,Soacha,35.0,177.0,37.0,177.0,-3.803359431310239
201820,62,56,Soacha,24.0,297.0,43.0,255.0,-6.727820046007264
201821,55,0,Soacha,38.0,370.0,73.0,370.0,-2.764244426039921
201822,71,14,Soacha,28.0,328.0,54.0,320.0,-3.915194238749706
201823,46,0,Soacha,10.0,54.0,10.0,54.0,-2.680080400616153
201824,47,0,Soacha,18.0,227.0,31.0,227.0,-3.645668425117034
201825,38,0,Soacha,21.0,1528.0,279.0,1518.0,-3.5341723401629936
201826,43,80,Soacha,17.0,177.0,26.0,177.0,-4.51084947245369
201827,20,0,Soacha,21.0,274.0,81.0,274.0,-5.565980947329133
201828,38,20,Soacha,30.0,1005.0,130.0,1005.0,-6.661122859251093
201829,46,22,Soacha,43.0,942.0,115.0,935.0,-2.881395422153907
201830,36,54,Soacha,13.0,1329.0,272.0,1329.0,-1.969457259785417
201831,44,31,Soacha,44.0,771.0,336.0,762.0,-3.555758505872089
201832,64,17,Soacha,67.0,1375.0,244.0,1363.0,-5.893745802188412
201833,48,0,Soacha,54.0,1011.0,240.0,1004.0,-6.070608165984615
201834,62,27,Soacha,21.0,90.0,21.0,80.0,-4.201250778954028
201835,74,48,Soacha,22.0,305.0,107.0,305.0,-4.629113894735837
201836,56,43,Soacha,24.0,459.0,104.0,457.0,-3.74505220135976
201837,54,15,Soacha,17.0,98.0,17.0,81.0,-6.62135831537325
201838,74,75,Soacha,28.0,1367.0,169.0,1367.0,-5.342855458012678
201839,65,24,Soacha,21.0,220.0,25.0,220.0,-4.277370612898453
201840,83,51,Soacha,24.0,92.0,35.0,90.0,-2.26751666194908
201841,52,55,Soacha,17.0,128.0,33.0,128.0,-7.22019004886547
201842,78,21,Soacha,11.0,112.0,11.0,79.0,-4.460911639110557
201843,100,54,Soacha,4.0,32.0,4.0,27.0,-3.34796784523832
201844,58,0,Soacha,17.0,87.0,17.0,87.0,-6.654595231386128
201845,72,43,Soacha,17.0,380.0,40.0,215.0,-7.85259836618982
201846,39,0,Soacha,22.0,650.0,116.0,632.0,-8.394408470990244
201847,55,39,Soacha,12.0,128.0,20.0,117.0,-7.289807517651167
201848,53,0,Soacha,7.0,32.0,7.0,32.0,-3.20979120442464
201849,33,0,Soacha,19.0,247.0,53.0,247.0,-4.865374034795818
201850,33,100,Soacha,20.0,118.0,22.0,113.0,-6.533901111136062
201851,9,0,Soacha,41.0,707.0,157.0,707.0,-6.09718424314043
201852,22,0,Soacha,19.0,59.0,19.0,59.0,-5.63939091869626
201901,18,0,Soacha,19.0,178.0,30.0,153.0,-5.031266466859542
201902,20,0,Soacha,13.0,49.0,13.0,48.0,-5.955407891261232
201903,29,0,Soacha,105.0,6213.0,1253.0,6150.0,-8.127919977872178
201904,46,3,Soacha,42.0,812.0,115.0,812.0,-6.127285696428131
201905,27,1,Soacha,33.0,253.0,47.0,253.0,-5.418585278742557
201906,53,29,Soacha,30.0,458.0,54.0,438.0,-5.17095647104193
201907,41,0,Soacha,9.0,44.0,9.0,44.0,-4.012707005427856
201908,81,36,Soacha,3.0,22.0,3.0,22.0,-2.1254941986649265
201909,65,0,Soacha,65.0,956.0,266.0,956.0,-3.953664111617482
201910,56,21,Soacha,35.0,112.0,36.0,112.0,-2.584151753815217
201911,80,33,Soacha,11.0,83.0,11.0,67.0,-4.455094022781496
201912,66,0,Soacha,14.0,277.0,33.0,274.0,-5.15002766882062
201913,54,16,Soacha,12.0,96.0,12.0,86.0,-3.9534570860010056
201914,41,0,Soacha,18.0,102.0,18.0,92.0,-3.2405943488415194
201915,45,1,Soacha,9.0,84.0,10.0,84.0,-5.752801194803435
201916,43,0,Soacha,6.0,35.0,6.0,35.0,-4.965627762886083
201917,46,20,Soacha,18.0,453.0,76.0,443.0,-5.4407167406778685
201918,49,0,Soacha,21.0,137.0,65.0,137.0,-5.441658073205993
201919,59,21,Soacha,19.0,186.0,38.0,186.0,-6.5746829870376375
201920,67,0,Soacha,20.0,273.0,44.0,273.0,-5.391747874895309
201921,58,1,Soacha,34.0,1565.0,156.0,1565.0,-6.402316436482564
201922,63,27,Soacha,7.0,484.0,77.0,484.0,-6.0669260432805485
201923,55,16,Soacha,13.0,126.0,39.0,126.0,-3.8082090887863296
201924,44,1,Soacha,31.0,192.0,43.0,190.0,-4.688141758069452
201925,31,1,Soacha,13.0,114.0,30.0,114.0,-4.82023038570854
201926,29,18,Soacha,18.0,165.0,19.0,140.0,-5.0561180840131605
201927,34,0,Soacha,15.0,146.0,52.0,146.0,-3.4987237846641337
201928,71,25,Soacha,7.0,33.0,7.0,28.0,-3.478018810851323
201929,38,26,Soacha,18.0,123.0,36.0,118.0,-4.193243934875081
201930,42,0,Soacha,8.0,177.0,34.0,177.0,-4.899199762560489
201931,68,1,Soacha,27.0,245.0,40.0,245.0,-4.811331881162565
201932,55,0,Soacha,9.0,92.0,15.0,72.0,-4.933293798670764
201933,47,48,Soacha,21.0,205.0,39.0,193.0,-3.64720589067555
201934,66,47,Soacha,17.0,55.0,17.0,55.0,-5.189534009064677
201935,61,38,Soacha,25.0,230.0,43.0,230.0,-4.334647773642578
201936,77,0,Soacha,24.0,399.0,49.0,399.0,-4.320576340912749
201937,51,1,Soacha,51.0,514.0,175.0,496.0,-4.314128300081667
201938,62,18,Soacha,10.0,167.0,21.0,167.0,-5.588040768272572
201939,63,14,Soacha,28.0,410.0,80.0,380.0,-7.692104579298513
201940,43,42,Soacha,13.0,148.0,13.0,78.0,-3.03373147502294
201941,31,0,Soacha,9.0,38.0,9.0,38.0,-4.05082890081124
201942,52,0,Soacha,17.0,333.0,46.0,279.0,-4.5769449096900665
201943,73,41,Soacha,11.0,105.0,12.0,73.0,-4.304319804173986
201944,44,0,Soacha,41.0,923.0,207.0,897.0,-3.563089866565044
201945,44,89,Soacha,38.0,556.0,108.0,546.0,-4.852836876856642
201946,54,0,Soacha,12.0,78.0,12.0,68.0,-0.6458756173147867
201947,50,24,Soacha,98.0,4311.0,520.0,4052.0,-8.632944195149994
201948,67,25,Soacha,70.0,1530.0,198.0,1498.0,-7.986259419695059
201949,27,0,Soacha,41.0,389.0,58.0,370.0,-5.894004409536721
201950,24,0,Soacha,8.0,56.0,8.0,53.0,-7.520517006925208
201951,19,29,Soacha,7.0,72.0,10.0,72.0,-3.356250716242243
201952,25,0,Soacha,6.0,41.0,7.0,41.0,-7.7812695685956115
202001,21,21,Soacha,2.0,16.0,3.0,16.0,-1.74444063315284
202002,17,0,Soacha,27.0,482.0,65.0,436.0,-5.968521451838763
202003,19,0,Soacha,35.0,744.0,84.0,683.0,-4.876894182698121
202004,19,20,Soacha,27.0,326.0,43.0,284.0,-6.488740121407966
202005,30,0,Soacha,18.0,196.0,26.0,174.0,-1.7222808175874038
202006,48,19,Soacha,41.0,308.0,68.0,279.0,-7.896951523838287
202007,48,1,Soacha,20.0,140.0,21.0,130.0,-5.126332759041012
202008,43,1,Soacha,9.0,49.0,9.0,49.0,-6.5826316252817865
202009,56,0,Soacha,21.0,833.0,97.0,813.0,-3.566017549422956
202010,56,79,Soacha,10.0,59.0,13.0,59.0,-5.305083673632985
202011,56,26,Soacha,11.0,160.0,18.0,157.0,-5.47544551043431
202012,47,28,Soacha,6.0,87.0,10.0,87.0,-6.220149034205775
202013,54,10,Soacha,46.0,430.0,170.0,429.0,-8.961810205767527
202014,49,23,Soacha,13.0,100.0,17.0,90.0,-6.939533780327595
202015,37,0,Soacha,2.0,17.0,2.0,17.0,-9.932405165455986
202016,60,21,Soacha,12.0,90.0,12.0,82.0,-6.561819660135483
202017,49,14,Soacha,14.0,121.0,24.0,121.0,-5.457777986589968
202018,78,0,Soacha,16.0,372.0,62.0,356.0,-6.083513018002134
202019,53,15,Soacha,34.0,385.0,73.0,373.0,-5.900057957117565
202020,70,13,Soacha,20.0,525.0,78.0,507.0,-6.757526237708734
202021,74,44,Soacha,11.0,116.0,19.0,116.0,-4.18060151886585
202022,72,10,Soacha,9.0,79.0,25.0,79.0,-6.953216125433381
202023,54,1,Soacha,12.0,82.0,12.0,82.0,-5.260788588965455
202024,61,22,Soacha,6.0,32.0,7.0,32.0,-4.327253581939797
202025,43,0,Soacha,16.0,204.0,42.0,199.0,-5.027580643500096
202026,59,16,Soacha,9.0,121.0,37.0,121.0,-3.591988248715876
202027,36,17,Soacha,7.0,18.0,11.0,18.0,-4.7856036494809455
202028,47,38,Soacha,7.0,83.0,12.0,83.0,-5.246157991597474
202029,50,16,Soacha,11.0,58.0,11.0,58.0,-5.794137233662933
202030,46,0,Soacha,7.0,26.0,7.0,26.0,-6.846885737461703
202031,57,23,Soacha,11.0,74.0,15.0,74.0,-6.304173665692191
202032,54,36,Soacha,13.0,214.0,30.0,214.0,-3.8233056114848103
202033,56,15,Soacha,68.0,2070.0,381.0,2070.0,-6.014442605843141
202034,58,0,Soacha,13.0,75.0,16.0,75.0,-5.429179625809459
202035,69,21,Soacha,23.0,385.0,56.0,373.0,-7.063125657320379
202036,83,0,Soacha,15.0,30.0,15.0,30.0,-6.880500182206929
202037,89,20,Soacha,76.0,1270.0,211.0,1267.0,-10.192849232274302
202038,85,17,Soacha,46.0,730.0,102.0,721.0,-8.600607854957877
202039,71,1,Soacha,39.0,502.0,88.0,502.0,-6.891302726396265
202040,74,0,Soacha,9.0,38.0,9.0,38.0,-4.695585380874254
202041,49,0,Soacha,28.0,156.0,28.0,156.0,-4.702888788233976
202042,57,0,Soacha,4.0,30.0,4.0,30.0,-7.889663869514393
202043,90,17,Soacha,1.0,10.0,1.0,10.0,-4.7457627118644
202044,83,48,Soacha,4.0,60.0,7.0,60.0,-4.761470492866407
202045,65,61,Soacha,11.0,93.0,15.0,93.0,-4.165852905006169
202046,98,35,Soacha,4.0,15.0,4.0,15.0,-4.583107995673515
202047,37,39,Soacha,12.0,129.0,15.0,129.0,-5.773893364514328
202048,65,0,Soacha,13.0,74.0,13.0,74.0,-6.103552791084484
202049,36,0,Soacha,6.0,39.0,7.0,29.0,-4.032352320534257
202050,23,19,Soacha,4.0,22.0,4.0,22.0,-6.574440092145817
202051,25,0,Soacha,14.0,54.0,14.0,54.0,-6.72668496531018
202052,20,0,Soacha,7.0,47.0,7.0,47.0,-9.22144205082959
202053,12,1,Soacha,5.0,21.0,5.0,21.0,-7.995357704792537
202101,24,1,Soacha,17.0,125.0,21.0,125.0,-2.18664992952338
202102,21,0,Soacha,8.0,59.0,8.0,59.0,-5.919790259752169
202103,28,0,Soacha,13.0,66.0,14.0,65.0,-4.802779701413035
202104,28,1,Soacha,18.0,128.0,24.0,119.0,-3.871036399186512
202105,30,15,Soacha,8.0,40.0,14.0,40.0,-3.2488918463825125
202106,39,24,Soacha,13.0,147.0,23.0,147.0,-4.616127622584783
202107,49,0,Soacha,33.0,283.0,51.0,273.0,-5.21011600109652
202108,43,11,Soacha,20.0,170.0,45.0,162.0,-7.411367951057672
202109,51,11,Soacha,10.0,32.0,10.0,32.0,-4.31182409328687
202110,55,38,Soacha,2.0,9.0,2.0,6.0,-4.2762376237623805
202111,58,2,Soacha,9.0,53.0,12.0,53.0,-3.88465326526888
202112,63,26,Soacha,6.0,93.0,16.0,91.0,-6.452297842751521
202113,50,1,Soacha,6.0,37.0,6.0,37.0,-6.012522258876103
202114,62,25,Soacha,12.0,206.0,38.0,206.0,-6.29841796188536
202115,57,1,Soacha,8.0,62.0,8.0,62.0,-3.0169347671495665
202116,51,0,Soacha,7.0,48.0,13.0,48.0,-7.926048112956633
202117,86,21,Soacha,38.0,467.0,102.0,467.0,-7.304519454552213
202118,76,0,Soacha,85.0,1842.0,364.0,1830.0,-9.329765059013084
202119,72,23,Soacha,47.0,668.0,85.0,666.0,-8.482509812900322
202120,65,42,Soacha,47.0,464.0,95.0,422.0,-7.269450725829254
202121,57,46,Soacha,32.0,992.0,100.0,982.0,-7.869248768692111
202122,41,13,Soacha,41.0,510.0,57.0,510.0,-7.366400441444114
202123,48,0,Soacha,25.0,261.0,42.0,246.0,-4.759684099642266
202124,43,0,Soacha,36.0,426.0,91.0,407.0,-5.754098764727533
202125,17,0,Soacha,19.0,111.0,23.0,111.0,-4.865905667837725
202126,30,1,Soacha,18.0,265.0,26.0,205.0,-7.358666057875055
202127,26,0,Soacha,57.0,1724.0,340.0,1691.0,-5.651203735085685
202128,33,34,Soacha,93.0,1153.0,329.0,1149.0,-4.2769548623372415
202129,59,1,Soacha,45.0,1328.0,177.0,1148.0,-5.313516900169618
202130,53,1,Soacha,20.0,134.0,29.0,134.0,-6.446264462502654
202131,53,0,Soacha,24.0,336.0,42.0,216.0,-5.6230580859929065
202132,51,15,Soacha,5.0,54.0,8.0,54.0,-4.36732054634688
202133,50,35,Soacha,8.0,60.0,8.0,60.0,-7.17577609509257
202134,56,0,Soacha,11.0,62.0,13.0,62.0,-0.94553037202122
202135,59,20,Soacha,16.0,425.0,77.0,405.0,-6.428349682975784
202136,92,2,Soacha,8.0,177.0,20.0,176.0,-6.4106614467608605
202137,61,0,Soacha,15.0,183.0,25.0,183.0,-6.697800686428298
202138,64,1,Soacha,6.0,31.0,8.0,31.0,-5.51613675794496
202139,73,1,Soacha,30.0,246.0,38.0,246.0,-7.752717496660222
202140,72,0,Soacha,4.0,22.0,4.0,22.0,-4.98721227621483
202141,48,30,Soacha,8.0,82.0,15.0,82.0,-4.271308439086134
202142,59,1,Soacha,14.0,259.0,50.0,259.0,-3.515408080957488
202143,93,0,Soacha,20.0,455.0,63.0,455.0,-3.993349380454538
202144,60,0,Soacha,10.0,53.0,11.0,53.0,-6.648659337261681
202145,74,28,Soacha,4.0,22.0,13.0,22.0,-5.736468369600253
202146,46,16,Soacha,50.0,962.0,173.0,962.0,-7.343928401978675
202147,67,42,Soacha,23.0,245.0,49.0,245.0,-4.90013522086545
202148,30,20,Soacha,11.0,232.0,23.0,192.0,-4.743547729803238
202149,33,0,Soacha,26.0,196.0,43.0,196.0,-5.096846999006235
202150,32,0,Soacha,12.0,59.0,16.0,59.0,-8.625581311574896
202151,17,0,Soacha,1.0,4.0,1.0,4.0,-3.48706411698537
202152,14,0,Soacha,2.0,10.0,2.0,10.0,-4.82758620689655
202201,21,1,Soacha,11.0,114.0,26.0,114.0,-7.812249749255269
202202,15,0,Soacha,3.0,52.0,6.0,52.0,-7.266778973699533
202203,26,0,Soacha,12.0,105.0,17.0,105.0,-4.639011166796254
202204,27,0,Soacha,9.0,65.0,9.0,65.0,-6.651681561199937
202205,25,18,Soacha,2.0,15.0,2.0,15.0,-8.78997867803837
202206,37,1,Soacha,16.0,97.0,21.0,97.0,-9.683614807516305
202207,59,29,Soacha,6.0,128.0,11.0,128.0,-8.923679362534616
202208,56,31,Soacha,21.0,162.0,34.0,162.0,-5.674121081726908
202209,61,27,Soacha,9.0,35.0,9.0,35.0,-3.0093121865252987
202210,65,26,Soacha,4.0,23.0,4.0,23.0,-4.273045228552532
202211,64,38,Soacha,7.0,212.0,21.0,212.0,-4.830788534275568
202212,65,23,Soacha,16.0,561.0,59.0,556.0,-2.738647698206399
202213,85,26,Soacha,35.0,921.0,77.0,267.0,-4.79993519845301
202214,73,13,Soacha,2.0,9.0,2.0,9.0,-2.43621399176955
202215,38,16,Soacha,4.0,180.0,16.0,180.0,-6.10686348665263
202216,75,18,Soacha,22.0,154.0,27.0,154.0,-6.172116000531056
202217,78,15,Soacha,22.0,368.0,43.0,299.0,-5.335309874448874
202218,78,19,Soacha,33.0,229.0,48.0,229.0,-5.979615932581613
202219,80,17,Soacha,10.0,111.0,23.0,111.0,-6.318792019727261
202220,61,0,Soacha,4.0,22.0,4.0,19.0,-3.11418080083931
202221,65,31,Soacha,13.0,90.0,20.0,88.0,-3.306825434100939
202222,49,12,Soacha,21.0,313.0,52.0,313.0,-5.024321705252104
202223,57,0,Soacha,13.0,168.0,45.0,168.0,-2.586095262448512
202224,50,14,Soacha,30.0,270.0,52.0,270.0,-2.618660351391266
202225,36,0,Soacha,24.0,582.0,77.0,582.0,-2.2804277203128023
202226,25,28,Soacha,25.0,466.0,74.0,466.0,-8.803648132873795
202227,35,0,Soacha,16.0,57.0,17.0,57.0,-5.138833531071652
202228,45,36,Soacha,5.0,26.0,7.0,26.0,-4.009159107927561
202230,54,1,Soacha,8.0,39.0,8.0,39.0,-3.70633674901057
202231,55,14,Soacha,5.0,18.0,5.0,18.0,0.106060606060606
202232,53,12,Soacha,8.0,93.0,19.0,93.0,-4.1460273924082935
202233,52,28,Soacha,9.0,42.0,9.0,42.0,-5.93681939653202
202234,70,0,Soacha,8.0,40.0,8.0,40.0,-2.4622987787248665
202235,85,35,Soacha,6.0,62.0,14.0,62.0,-3.7091331886563847
202236,72,21,Soacha,2.0,14.0,2.0,14.0,-0.3050225065150451
202237,63,19,Soacha,5.0,154.0,32.0,154.0,-4.533065032066552
202238,86,15,Soacha,2.0,6.0,3.0,6.0,-7.60870480752089
202239,61,8,Soacha,3.0,11.0,3.0,11.0,-7.121833280773674
202240,74,13,Soacha,9.0,54.0,11.0,54.0,-2.289248121378328
202241,36,0,Soacha,8.0,62.0,16.0,62.0,-4.9243700605971
202242,72,48,Soacha,23.0,192.0,31.0,192.0,-6.851581472770187
202243,77,47,Soacha,2.0,6.0,3.0,6.0,-5.899570051418995
202244,68,11,Soacha,4.0,18.0,4.0,18.0,-5.63549160671463
202246,48,19,Soacha,2.0,7.0,2.0,7.0,-0.4011039436935848
202247,72,34,Soacha,6.0,50.0,9.0,50.0,-6.793337813178543
202248,46,16,Soacha,10.0,65.0,11.0,65.0,-4.978056472019004
202249,22,0,Soacha,12.0,115.0,17.0,115.0,-2.801554868657078
202250,29,22,Soacha,1.0,10.0,1.0,10.0,-4.05405405405405
202251,18,22,Soacha,6.0,23.0,6.0,23.0,-2.542912491966662
201801,18,0,Villavicencio,4.0,50.0,4.0,40.0,-12.7118644067797
201804,0,0,Villavicencio,1.0,20.0,1.0,20.0,-5.43933054393305
201808,11,0,Villavicencio,2.0,2.0,2.0,2.0,-5.15595162316996
201812,29,36,Villavicencio,3.0,10.0,3.0,10.0,-2.751276394907983
201813,25,0,Villavicencio,2.0,8.0,2.0,8.0,-3.01369863013699
201814,41,0,Villavicencio,17.0,92.0,17.0,92.0,-4.077109624483994
201815,30,0,Villavicencio,1.0,4.0,1.0,4.0,-4.41850771154647
201819,37,25,Villavicencio,2.0,8.0,2.0,8.0,0.840840840840849
201823,34,89,Villavicencio,2.0,16.0,2.0,14.0,-5.02692998204668
201824,12,19,Villavicencio,2.0,18.0,2.0,18.0,-6.28930817610063
201825,19,20,Villavicencio,2.0,2.0,2.0,2.0,-3.38541666666667
201831,42,1,Villavicencio,1.0,12.0,1.0,6.0,-6.94444444444445
201836,53,16,Villavicencio,3.0,13.0,3.0,13.0,-9.23076923076923
201851,1,2,Villavicencio,4.0,97.0,8.0,97.0,-7.101345058783796
201901,1,1,Villavicencio,3.0,20.0,3.0,20.0,-4.55531453362256
201902,15,44,Villavicencio,2.0,12.0,2.0,12.0,-7.27066158956878
201911,28,29,Villavicencio,2.0,20.0,2.0,20.0,-7.47663551401869
201917,18,0,Villavicencio,1.0,6.0,1.0,6.0,-7.52125572269457
201918,49,36,Villavicencio,1.0,6.0,1.0,6.0,-7.53110674525213
201934,34,0,Villavicencio,1.0,8.0,1.0,8.0,-3.14769975786925
201935,45,0,Villavicencio,2.0,8.0,2.0,8.0,-3.04295942720764
201943,34,1,Villavicencio,5.0,42.0,5.0,42.0,-4.799774439118719
201944,42,0,Villavicencio,2.0,7.0,2.0,7.0,-2.35478806907378
201945,65,18,Villavicencio,4.0,20.0,4.0,20.0,-4.106503924284395
201947,61,1,Villavicencio,2.0,10.0,2.0,10.0,-2.3686920700309
202002,1,26,Villavicencio,2.0,10.0,2.0,10.0,-4.37235543018336
202009,39,14,Villavicencio,1.0,6.0,1.0,6.0,-6.98412698412698
202031,46,0,Villavicencio,2.0,8.0,2.0,8.0,-7.20461095100865
202032,24,19,Villavicencio,1.0,1.0,1.0,1.0,-2.15128383067315
202043,62,0,Villavicencio,1.0,10.0,1.0,10.0,-5.27472527472527
202044,55,19,Villavicencio,1.0,2.0,1.0,2.0,0.3968253968254
202045,42,22,Villavicencio,1.0,10.0,1.0,10.0,-2.39583333333333
202047,53,0,Villavicencio,1.0,10.0,1.0,10.0,-2.3686920700309
202111,51,0,Villavicencio,2.0,9.0,2.0,9.0,-1.90375462718139
202127,26,1,Villavicencio,1.0,10.0,1.0,10.0,-7.08661417322835
202128,27,14,Villavicencio,4.0,7.0,4.0,7.0,-5.73294629898403
202131,27,0,Villavicencio,1.0,6.0,1.0,6.0,-5.12129380053909
202137,55,1,Villavicencio,3.0,18.0,3.0,18.0,-7.22989010605641
202140,47,0,Villavicencio,2.0,6.0,2.0,6.0,-3.16455696202532
202214,57,17,Villavicencio,3.0,10.0,3.0,10.0,-3.59712230215827
201801,1,88,Pasto,6.0,25.0,5.0,25.0,-3.281992990432888
201802,26,0,Pasto,21.0,127.0,20.0,111.0,-5.380577682045212
201803,0,1,Pasto,2.0,6.0,1.0,6.0,-7.2
201804,24,0,Pasto,2.0,2.0,1.0,2.0,-1.80412371134021
201805,35,0,Pasto,6.0,85.0,7.0,85.0,-6.620321234511232
201806,0,0,Pasto,6.0,35.0,5.0,35.0,-4.346536444203294
201807,39,1,Pasto,5.0,15.0,4.0,15.0,-5.403377110694185
201808,30,25,Pasto,1.0,0.0,0.0,0.0,0.0
201809,28,0,Pasto,1.0,0.0,0.0,0.0,0.0
201810,42,30,Pasto,4.0,24.0,3.0,24.0,-4.636104636104637
201811,54,14,Pasto,2.0,10.0,1.0,10.0,-3.52112676056338
201812,41,0,Pasto,11.0,64.0,10.0,64.0,-5.845741220083999
201813,48,0,Pasto,16.0,83.0,15.0,83.0,-4.439498821032914
201814,40,68,Pasto,5.0,14.0,4.0,14.0,-5.800295497941457
201815,58,0,Pasto,4.0,24.0,3.0,24.0,-5.77507598784194
201816,32,1,Pasto,7.0,36.0,6.0,26.0,-4.796839335382127
201817,20,21,Pasto,7.0,20.0,6.0,20.0,-5.18933022376435
201818,47,0,Pasto,1.0,0.0,0.0,0.0,0.0
201819,22,1,Pasto,1.0,0.0,0.0,0.0,0.0
201820,39,0,Pasto,1.0,0.0,0.0,0.0,0.0
201821,70,23,Pasto,1.0,0.0,0.0,0.0,0.0
201822,59,0,Pasto,2.0,10.0,1.0,10.0,-5.05226480836237
201823,32,1,Pasto,4.0,25.0,3.0,25.0,-4.085487336197256
201824,19,0,Pasto,3.0,20.0,2.0,20.0,-2.44399185336049
201825,0,1,Pasto,12.0,61.0,11.0,61.0,-3.447171591341997
201826,33,0,Pasto,15.0,130.0,36.0,120.0,-5.795103244474224
201827,24,1,Pasto,9.0,19.0,8.0,18.0,-3.5855787385564653
201828,13,60,Pasto,2.0,10.0,2.0,10.0,-3.35628227194492
201829,14,1,Pasto,1.0,0.0,0.0,0.0,0.0
201830,33,0,Pasto,7.0,34.0,6.0,34.0,-4.76863299187566
201831,31,31,Pasto,3.0,10.0,2.0,10.0,-12.5
201832,29,0,Pasto,5.0,8.0,5.0,8.0,-6.515593853937848
201833,21,0,Pasto,1.0,0.0,0.0,0.0,0.0
201835,43,25,Pasto,2.0,15.0,2.0,15.0,-2.23880597014926
201836,24,44,Pasto,7.0,122.0,37.0,122.0,-7.527452832153021
201837,19,19,Pasto,27.0,135.0,29.0,135.0,-7.842303881297078
201838,46,20,Pasto,21.0,96.0,20.0,96.0,-4.081437184286794
201839,37,0,Pasto,7.0,18.0,7.0,18.0,-3.10164530780106
201840,45,67,Pasto,2.0,3.0,1.0,3.0,-9.87951807228918
201841,36,26,Pasto,7.0,12.0,6.0,12.0,-2.448740809473395
201842,46,0,Pasto,1.0,0.0,0.0,0.0,0.0
201843,59,100,Pasto,6.0,8.0,5.0,8.0,-2.34341712824883
201845,40,0,Pasto,1.0,0.0,0.0,0.0,0.0
201846,61,25,Pasto,1.0,0.0,0.0,0.0,0.0
201847,74,31,Pasto,2.0,10.0,1.0,10.0,-14.8648648648648
201848,47,27,Pasto,3.0,3.0,2.0,3.0,-3.02663438256658
201849,33,0,Pasto,1.0,0.0,0.0,0.0,0.0
201850,16,0,Pasto,7.0,260.0,28.0,260.0,-7.9055360514339155
201851,0,0,Pasto,7.0,66.0,13.0,66.0,-7.809897924324712
201852,31,1,Pasto,8.0,40.0,7.0,33.0,-5.706764986425999
201901,33,0,Pasto,1.0,0.0,0.0,0.0,0.0
201902,37,1,Pasto,4.0,25.0,3.0,25.0,-4.0216273980676105
201903,20,26,Pasto,2.0,2.0,1.0,2.0,-5.06478209658421
201904,41,0,Pasto,6.0,243.0,17.0,243.0,-5.29078984091654
201905,44,0,Pasto,6.0,25.0,5.0,25.0,-7.172995780590709
201906,33,0,Pasto,1.0,0.0,0.0,0.0,0.0
201908,45,1,Pasto,1.0,0.0,0.0,0.0,0.0
201909,65,23,Pasto,2.0,8.0,1.0,8.0,-2.82991625758013
201910,37,21,Pasto,1.0,0.0,0.0,0.0,0.0
201911,57,0,Pasto,6.0,38.0,5.0,38.0,-4.642818021427888
201912,42,0,Pasto,1.0,4.0,1.0,4.0,-2.48618784530386
201913,65,29,Pasto,2.0,18.0,2.0,18.0,-3.68131868131868
201914,26,69,Pasto,1.0,0.0,0.0,0.0,0.0
201915,33,25,Pasto,4.0,14.0,3.0,14.0,-7.515918086387884
201916,23,0,Pasto,1.0,5.0,1.0,5.0,-8.38926174496644
201920,37,1,Pasto,1.0,0.0,0.0,0.0,0.0
201921,60,1,Pasto,1.0,0.0,0.0,0.0,0.0
201925,63,39,Pasto,1.0,0.0,0.0,0.0,0.0
201926,25,1,Pasto,1.0,0.0,0.0,0.0,0.0
201927,34,0,Pasto,1.0,0.0,0.0,0.0,0.0
201928,22,20,Pasto,6.0,28.0,5.0,28.0,-4.689118489891422
201929,36,0,Pasto,3.0,6.0,2.0,6.0,-4.02802101576182
201930,0,0,Pasto,1.0,0.0,0.0,0.0,0.0
201931,47,0,Pasto,6.0,44.0,5.0,34.0,-4.123277123277124
201932,48,1,Pasto,2.0,10.0,1.0,10.0,-4.80678605089538
201933,49,1,Pasto,1.0,0.0,0.0,0.0,0.0
201934,20,0,Pasto,1.0,0.0,0.0,0.0,0.0
201935,53,0,Pasto,1.0,0.0,0.0,0.0,0.0
201936,52,32,Pasto,1.0,0.0,0.0,0.0,0.0
201937,35,0,Pasto,1.0,0.0,0.0,0.0,0.0
201938,52,0,Pasto,1.0,0.0,0.0,0.0,0.0
201939,41,1,Pasto,3.0,20.0,2.0,20.0,-0.0971817298347899
201940,89,19,Pasto,2.0,6.0,1.0,6.0,-3.24534833405453
201941,52,29,Pasto,1.0,0.0,0.0,0.0,0.0
201942,50,0,Pasto,1.0,0.0,0.0,0.0,0.0
201943,47,13,Pasto,3.0,12.0,2.0,12.0,-3.66606898192408
201944,50,0,Pasto,1.0,0.0,0.0,0.0,0.0
201945,60,1,Pasto,5.0,20.0,4.0,20.0,-6.2200956937799
201946,47,0,Pasto,4.0,26.0,3.0,26.0,-3.16877918612408
201947,48,18,Pasto,3.0,4.0,2.0,4.0,-0.60362173038229
201948,71,0,Pasto,1.0,0.0,0.0,0.0,0.0
201949,13,2,Pasto,1.0,0.0,0.0,0.0,0.0
201950,0,0,Pasto,1.0,0.0,0.0,0.0,0.0
201951,11,0,Pasto,1.0,0.0,0.0,0.0,0.0
201952,0,0,Pasto,5.0,37.0,4.0,35.0,-10.326177532637626
202001,0,0,Pasto,1.0,0.0,0.0,0.0,0.0
202002,0,1,Pasto,2.0,2.0,1.0,2.0,-4.37235543018336
202003,20,0,Pasto,4.0,195.0,18.0,195.0,-5.269373324596031
202004,26,1,Pasto,2.0,20.0,2.0,20.0,-5.3050491191965
202005,33,0,Pasto,1.0,0.0,0.0,0.0,0.0
202010,41,11,Pasto,1.0,3.0,1.0,3.0,-2.06919945725916
202012,32,0,Pasto,1.0,8.0,1.0,8.0,-4.38321853475267
202016,51,0,Pasto,4.0,630.0,88.0,630.0,-4.176708459079039
202019,43,0,Pasto,4.0,56.0,4.0,56.0,-5.72916666666667
202020,36,0,Pasto,3.0,8.0,3.0,8.0,-5.27472527472528
202021,57,0,Pasto,2.0,740.0,74.0,740.0,-4.35912798298745
202028,46,17,Pasto,1.0,1.0,1.0,1.0,-3.27225130890052
202029,48,14,Pasto,3.0,15.0,3.0,15.0,-8.492035521104924
202031,32,16,Pasto,1.0,16.0,4.0,16.0,-7.48986499402917
202033,50,0,Pasto,1.0,4.0,2.0,4.0,-8.94758146124267
202034,55,1,Pasto,4.0,26.0,4.0,26.0,-4.699951211579123
202035,56,0,Pasto,5.0,20.0,5.0,20.0,-4.7079464685919135
202036,51,1,Pasto,9.0,49.0,9.0,49.0,-6.90586680791774
202037,30,31,Pasto,6.0,18.0,6.0,18.0,3.34628025097102
202045,65,23,Pasto,1.0,5.0,1.0,5.0,-3.52422907488987
202049,66,29,Pasto,1.0,10.0,1.0,10.0,-8.5178875638842
202051,25,0,Pasto,9.0,32.0,9.0,32.0,-6.020652549187477
202052,14,65,Pasto,6.0,28.0,6.0,26.0,-6.521837077976695
202053,14,16,Pasto,2.0,270.0,24.0,270.0,-2.534067277170865
202102,23,1,Pasto,6.0,76.0,37.0,76.0,-5.248899585347007
202103,17,0,Pasto,7.0,22.0,9.0,22.0,-4.941836259054424
202104,26,0,Pasto,2.0,20.0,2.0,20.0,-2.564012954031825
202105,27,0,Pasto,4.0,35.0,6.0,35.0,-2.53998968008256
202106,38,12,Pasto,1.0,12.0,2.0,12.0,-4.26159748805193
202107,51,0,Pasto,4.0,208.0,12.0,208.0,-6.39092905262848
202108,59,10,Pasto,4.0,32.0,4.0,32.0,-6.503961155123945
202109,38,1,Pasto,1.0,2.0,1.0,2.0,-5.75504181013281
202122,46,18,Pasto,4.0,14.0,4.0,14.0,-5.16556291390728
202128,33,22,Pasto,4.0,4.0,4.0,4.0,-5.73294629898403
202133,36,0,Pasto,4.0,20.0,4.0,20.0,-8.7719298245614
202134,51,0,Pasto,1.0,8.0,1.0,8.0,-7.88437629506838
202137,46,0,Pasto,2.0,4.0,2.0,4.0,-2.9120559114735
202138,56,14,Pasto,1.0,2.0,1.0,2.0,-4.11622276029056
202139,64,20,Pasto,2.0,22.0,3.0,22.0,-8.045990135184505
202142,35,1,Pasto,2.0,10.0,2.0,10.0,-4.57815565729235
202143,56,15,Pasto,1.0,5.0,1.0,5.0,-1.05184072126221
202214,52,16,Pasto,1.0,10.0,1.0,10.0,-8.65051903114187
202218,59,21,Pasto,1.0,0.0,0.0,0.0,0.0
202219,69,23,Pasto,1.0,0.0,0.0,0.0,0.0
202220,53,0,Pasto,1.0,0.0,0.0,0.0,0.0
202221,61,14,Pasto,1.0,0.0,0.0,0.0,0.0
202222,57,14,Pasto,2.0,1.0,1.0,1.0,-2.84824210057855
202223,52,0,Pasto,1.0,0.0,0.0,0.0,0.0
202224,52,0,Pasto,1.0,0.0,0.0,0.0,0.0
202225,36,22,Pasto,1.0,0.0,0.0,0.0,0.0
202226,36,21,Pasto,1.0,0.0,0.0,0.0,0.0
202227,39,13,Pasto,5.0,19.0,4.0,19.0,-4.10194813742266
202228,33,16,Pasto,1.0,0.0,0.0,0.0,0.0
202229,36,35,Pasto,4.0,12.0,3.0,12.0,-4.91803278688525
202230,31,0,Pasto,1.0,0.0,0.0,0.0,0.0
202231,61,32,Pasto,1.0,0.0,0.0,0.0,0.0
202232,50,0,Pasto,1.0,0.0,0.0,0.0,0.0
202233,83,1,Pasto,3.0,11.0,3.0,11.0,-4.102603774310645
202234,59,21,Pasto,1.0,0.0,0.0,0.0,0.0
202235,75,16,Pasto,1.0,0.0,0.0,0.0,0.0
202240,74,20,Pasto,1.0,10.0,1.0,10.0,-6.20915032679738
202241,66,1,Pasto,1.0,10.0,1.0,10.0,-11.7021276595745
202242,52,12,Pasto,2.0,10.0,2.0,10.0,-6.51801029159519
202247,100,21,Pasto,1.0,0.0,0.0,0.0,0.0
202248,33,10,Pasto,1.0,0.0,0.0,0.0,0.0
202249,28,50,Pasto,1.0,0.0,0.0,0.0,0.0
202250,35,1,Pasto,1.0,0.0,0.0,0.0,0.0
202251,25,1,Pasto,3.0,30.0,2.0,30.0,-9.8330241187384
202252,23,0,Pasto,1.0,0.0,0.0,0.0,0.0
201803,23,0,Barranquilla,5.0,27.0,5.0,27.0,-7.142799325463744
201804,24,1,Barranquilla,8.0,127.0,15.0,127.0,-7.153317202118329
201805,27,0,Barranquilla,51.0,2444.0,277.0,2166.0,-6.787118807175249
201806,32,1,Barranquilla,2.0,15.0,2.0,15.0,-4.87064488716835
201807,32,43,Barranquilla,6.0,44.0,6.0,44.0,-4.532365006124385
201808,65,0,Barranquilla,3.0,24.0,3.0,24.0,-4.63518168843055
201809,55,20,Barranquilla,4.0,21.0,4.0,21.0,-7.1745201831585
201810,66,1,Barranquilla,4.0,28.0,4.0,28.0,-3.768285988253585
201811,55,30,Barranquilla,4.0,644.0,63.0,644.0,-4.883196950114668
201814,60,0,Barranquilla,1.0,1.0,1.0,1.0,-1.40056022408964
201817,63,19,Barranquilla,1.0,1.0,1.0,1.0,-1.40056022408964
201819,56,65,Barranquilla,1.0,3.0,1.0,3.0,-7.85123966942149
201821,54,0,Barranquilla,2.0,18.0,2.0,18.0,-3.16463088283319
201825,26,1,Barranquilla,4.0,20.0,4.0,20.0,-1.58730158730159
201827,26,45,Barranquilla,5.0,20.0,5.0,20.0,-3.921058222039688
201828,28,0,Barranquilla,3.0,22.0,3.0,22.0,-4.55991516436903
201830,49,1,Barranquilla,3.0,14.0,3.0,14.0,-5.69744597249509
201835,57,22,Barranquilla,2.0,8.0,2.0,8.0,-2.59067357512953
201837,79,1,Barranquilla,3.0,12.0,3.0,12.0,-2.75229357798165
201839,59,20,Barranquilla,1.0,5.0,1.0,5.0,-2.32693426410703
201844,56,0,Barranquilla,5.0,25.0,5.0,19.0,0.2621935630486
201847,54,31,Barranquilla,2.0,8.0,1.0,8.0,-10.1010101010101
201848,40,54,Barranquilla,2.0,6.0,2.0,6.0,-2.76967930029154
201849,17,34,Barranquilla,2.0,8.0,1.0,8.0,-4.15430267062314
201852,32,0,Barranquilla,1.0,0.0,0.0,0.0,0.0
201902,26,0,Barranquilla,1.0,4.0,2.0,4.0,-7.54359414703894
201903,24,26,Barranquilla,22.0,371.0,67.0,361.0,-7.358524289879528
201904,32,100,Barranquilla,1.0,0.0,0.0,0.0,0.0
201905,49,72,Barranquilla,3.0,6.0,3.0,6.0,-4.870180488097376
201907,56,27,Barranquilla,1.0,16.0,1.0,10.0,-8.5141903171953
201910,50,0,Barranquilla,17.0,194.0,47.0,194.0,0.835341409049193
201911,55,0,Barranquilla,5.0,8.0,4.0,8.0,-1.9280205655527
201912,65,0,Barranquilla,4.0,14.0,3.0,14.0,-5.38461538461539
201914,48,2,Barranquilla,5.0,60.0,11.0,60.0,-1.9222049010216733
201915,63,92,Barranquilla,1.0,0.0,0.0,0.0,0.0
201917,64,0,Barranquilla,3.0,20.0,2.0,20.0,-4.86111111111111
201918,58,33,Barranquilla,1.0,0.0,0.0,0.0,0.0
201919,59,32,Barranquilla,1.0,0.0,0.0,0.0,0.0
201920,68,50,Barranquilla,1.0,0.0,0.0,0.0,0.0
201921,73,20,Barranquilla,1.0,0.0,0.0,0.0,0.0
201922,65,40,Barranquilla,1.0,8.0,1.0,8.0,-1.03092783505154
201923,57,0,Barranquilla,1.0,0.0,0.0,0.0,0.0
201924,45,31,Barranquilla,2.0,10.0,1.0,10.0,-3.97022332506203
201925,41,1,Barranquilla,1.0,0.0,0.0,0.0,0.0
201926,32,35,Barranquilla,2.0,10.0,1.0,10.0,-2.67295597484277
201927,38,3,Barranquilla,1.0,0.0,0.0,0.0,0.0
201929,43,1,Barranquilla,1.0,0.0,0.0,0.0,0.0
201930,43,23,Barranquilla,2.0,8.0,1.0,8.0,-4.80274442538594
201931,51,0,Barranquilla,3.0,8.0,4.0,8.0,-6.39603952944303
201933,53,0,Barranquilla,6.0,28.0,5.0,28.0,-5.64071122011036
201934,49,0,Barranquilla,1.0,0.0,0.0,0.0,0.0
201935,61,23,Barranquilla,1.0,0.0,0.0,0.0,0.0
201936,59,100,Barranquilla,1.0,0.0,0.0,0.0,0.0
201937,79,0,Barranquilla,1.0,0.0,0.0,0.0,0.0
201939,60,28,Barranquilla,1.0,0.0,0.0,0.0,0.0
201940,72,26,Barranquilla,1.0,0.0,0.0,0.0,0.0
201941,48,43,Barranquilla,1.0,0.0,0.0,0.0,0.0
201943,63,29,Barranquilla,2.0,5.0,1.0,5.0,-2.21703617269545
201944,56,1,Barranquilla,1.0,0.0,0.0,0.0,0.0
201945,53,62,Barranquilla,1.0,0.0,0.0,0.0,0.0
201946,65,41,Barranquilla,1.0,0.0,0.0,0.0,0.0
201947,57,0,Barranquilla,5.0,17.0,4.0,17.0,-3.81312989288719
201948,64,69,Barranquilla,1.0,0.0,0.0,0.0,0.0
201949,24,0,Barranquilla,2.0,5.0,1.0,5.0,-2.33372228704784
201951,30,0,Barranquilla,1.0,0.0,0.0,0.0,0.0
201952,18,0,Barranquilla,1.0,0.0,0.0,0.0,0.0
202001,5,72,Barranquilla,1.0,0.0,0.0,0.0,0.0
202003,26,2,Barranquilla,1.0,0.0,0.0,0.0,0.0
202004,12,0,Barranquilla,2.0,24.0,4.0,24.0,-10.385056793979
202005,27,0,Barranquilla,1.0,0.0,0.0,0.0,0.0
202006,22,25,Barranquilla,1.0,0.0,0.0,0.0,0.0
202007,35,0,Barranquilla,1.0,0.0,0.0,0.0,0.0
202009,42,29,Barranquilla,1.0,0.0,0.0,0.0,0.0
202010,58,16,Barranquilla,2.0,3.0,1.0,3.0,-5.96658711217184
202012,43,0,Barranquilla,3.0,24.0,4.0,24.0,-4.54260986369117
202013,32,13,Barranquilla,1.0,6.0,1.0,6.0,-2.23463687150838
202014,48,16,Barranquilla,3.0,20.0,2.0,10.0,-2.07253886010363
202015,37,0,Barranquilla,2.0,10.0,1.0,10.0,-1.69286577992745
202016,45,34,Barranquilla,1.0,0.0,0.0,0.0,0.0
202017,48,28,Barranquilla,1.0,0.0,0.0,0.0,0.0
202018,60,28,Barranquilla,1.0,0.0,0.0,0.0,0.0
202019,82,23,Barranquilla,1.0,0.0,0.0,0.0,0.0
202020,73,34,Barranquilla,1.0,0.0,0.0,0.0,0.0
202021,64,0,Barranquilla,1.0,0.0,0.0,0.0,0.0
202022,66,1,Barranquilla,4.0,1324.0,109.0,1324.0,-4.4319977805945
202023,64,38,Barranquilla,3.0,20.0,2.0,20.0,-3.774052284690585
202024,64,0,Barranquilla,1.0,0.0,0.0,0.0,0.0
202025,46,0,Barranquilla,3.0,40.0,2.0,40.0,-6.53529821391602
202026,53,0,Barranquilla,1.0,0.0,0.0,0.0,0.0
202027,43,23,Barranquilla,1.0,0.0,0.0,0.0,0.0
202028,44,0,Barranquilla,4.0,14.0,3.0,14.0,-1.2207049522196074
202029,51,14,Barranquilla,4.0,8.0,3.0,8.0,-6.677674177674177
202030,52,1,Barranquilla,2.0,5.0,1.0,5.0,-2.5
202031,45,15,Barranquilla,1.0,0.0,0.0,0.0,0.0
202032,45,0,Barranquilla,1.0,0.0,0.0,0.0,0.0
202033,40,34,Barranquilla,1.0,0.0,0.0,0.0,0.0
202034,59,38,Barranquilla,2.0,2.0,1.0,2.0,3.0
202035,78,19,Barranquilla,1.0,0.0,0.0,0.0,0.0
202036,68,55,Barranquilla,1.0,0.0,0.0,0.0,0.0
202037,76,0,Barranquilla,2.0,5.0,1.0,5.0,-4.85436893203884
202038,79,20,Barranquilla,1.0,0.0,0.0,0.0,0.0
202039,66,0,Barranquilla,1.0,0.0,0.0,0.0,0.0
202040,73,67,Barranquilla,1.0,0.0,0.0,0.0,0.0
202041,52,31,Barranquilla,1.0,0.0,0.0,0.0,0.0
202042,49,90,Barranquilla,1.0,0.0,0.0,0.0,0.0
202043,69,43,Barranquilla,1.0,0.0,0.0,0.0,0.0
202044,66,15,Barranquilla,1.0,0.0,0.0,0.0,0.0
202045,62,28,Barranquilla,1.0,0.0,0.0,0.0,0.0
202047,71,76,Barranquilla,1.0,0.0,0.0,0.0,0.0
202048,100,93,Barranquilla,1.0,0.0,0.0,0.0,0.0
202049,34,19,Barranquilla,1.0,0.0,0.0,0.0,0.0
202050,25,29,Barranquilla,1.0,0.0,0.0,0.0,0.0
202051,16,0,Barranquilla,2.0,2.0,1.0,2.0,-5.69263205880677
202052,13,0,Barranquilla,1.0,0.0,0.0,0.0,0.0
202053,15,1,Barranquilla,1.0,0.0,0.0,0.0,0.0
202101,15,16,Barranquilla,1.0,0.0,0.0,0.0,0.0
202102,13,0,Barranquilla,4.0,13.0,3.0,13.0,-7.18038528896673
202103,19,36,Barranquilla,1.0,0.0,0.0,0.0,0.0
202104,25,20,Barranquilla,2.0,8.0,1.0,8.0,-3.95387149917627
202105,28,0,Barranquilla,5.0,9.0,4.0,9.0,-4.273564271569178
202106,53,0,Barranquilla,1.0,0.0,0.0,0.0,0.0
202107,58,0,Barranquilla,1.0,0.0,0.0,0.0,0.0
202108,61,25,Barranquilla,1.0,0.0,0.0,0.0,0.0
202109,54,18,Barranquilla,1.0,0.0,0.0,0.0,0.0
202110,66,27,Barranquilla,1.0,0.0,0.0,0.0,0.0
202111,64,0,Barranquilla,1.0,0.0,0.0,0.0,0.0
202112,60,17,Barranquilla,1.0,0.0,0.0,0.0,0.0
202113,39,0,Barranquilla,2.0,5.0,1.0,5.0,-2.21579961464355
202114,58,0,Barranquilla,1.0,0.0,0.0,0.0,0.0
202115,57,33,Barranquilla,2.0,10.0,1.0,10.0,-4.33275563258232
202116,53,34,Barranquilla,1.0,0.0,0.0,0.0,0.0
202117,55,0,Barranquilla,3.0,24.0,2.0,24.0,-3.941597384203075
202118,65,0,Barranquilla,11.0,165.0,37.0,165.0,-10.957945142604869
202119,45,0,Barranquilla,3.0,4.0,2.0,4.0,-9.55882352941179
202120,40,0,Barranquilla,8.0,34.0,7.0,34.0,-4.4185587941364775
202121,55,45,Barranquilla,2.0,5.0,1.0,5.0,-4.66321243523316
202122,59,37,Barranquilla,2.0,50.0,5.0,50.0,-6.45206343295668
202123,40,0,Barranquilla,1.0,0.0,0.0,0.0,0.0
202124,36,0,Barranquilla,1.0,0.0,0.0,0.0,0.0
202125,38,28,Barranquilla,3.0,12.0,6.0,12.0,-8.19900232637339
202126,32,16,Barranquilla,4.0,57.0,6.0,57.0,-6.936006770130578
202127,47,2,Barranquilla,4.0,25.0,3.0,25.0,-4.635100538630311
202128,44,0,Barranquilla,1.0,0.0,0.0,0.0,0.0
202129,48,50,Barranquilla,1.0,0.0,0.0,0.0,0.0
202130,59,0,Barranquilla,1.0,0.0,0.0,0.0,0.0
202131,44,15,Barranquilla,3.0,5.0,2.0,5.0,-8.6137281292059
202132,53,32,Barranquilla,1.0,0.0,0.0,0.0,0.0
202134,78,0,Barranquilla,1.0,0.0,0.0,0.0,0.0
202135,70,23,Barranquilla,1.0,0.0,0.0,0.0,0.0
202136,64,26,Barranquilla,1.0,0.0,0.0,0.0,0.0
202143,80,43,Barranquilla,2.0,20.0,2.0,20.0,-5.76323987538941
202145,83,32,Barranquilla,1.0,0.0,0.0,0.0,0.0
202147,67,36,Barranquilla,1.0,0.0,0.0,0.0,0.0
202148,27,0,Barranquilla,1.0,0.0,0.0,0.0,0.0
202149,11,0,Barranquilla,2.0,10.0,2.0,10.0,-5.0
202151,11,21,Barranquilla,1.0,0.0,0.0,0.0,0.0
202212,65,34,Barranquilla,2.0,2.0,2.0,2.0,-2.75229357798165
202213,59,0,Barranquilla,1.0,0.0,0.0,0.0,0.0
202214,70,17,Barranquilla,1.0,0.0,0.0,0.0,0.0
202215,38,20,Barranquilla,1.0,0.0,0.0,0.0,0.0
202217,78,29,Barranquilla,1.0,0.0,0.0,0.0,0.0
202219,72,29,Barranquilla,1.0,0.0,0.0,0.0,0.0
202220,65,17,Barranquilla,1.0,0.0,0.0,0.0,0.0
202221,67,20,Barranquilla,3.0,4.0,2.0,4.0,-7.370903875911555
202222,68,31,Barranquilla,1.0,0.0,0.0,0.0,0.0
202223,53,30,Barranquilla,9.0,44.0,8.0,38.0,-4.79452054794521
202224,49,0,Barranquilla,1.0,0.0,0.0,0.0,0.0
202225,45,0,Barranquilla,1.0,0.0,0.0,0.0,0.0
202226,20,15,Barranquilla,1.0,0.0,0.0,0.0,0.0
202228,41,0,Barranquilla,1.0,0.0,0.0,0.0,0.0
202229,37,1,Barranquilla,1.0,0.0,0.0,0.0,0.0
202230,57,23,Barranquilla,1.0,0.0,0.0,0.0,0.0
202231,57,0,Barranquilla,1.0,0.0,0.0,0.0,0.0
202232,55,26,Barranquilla,4.0,84.0,10.0,84.0,-5.11358098448989
202233,57,25,Barranquilla,1.0,0.0,0.0,0.0,0.0
202235,71,24,Barranquilla,4.0,20.0,3.0,20.0,-5.26315789473684
202236,49,29,Barranquilla,1.0,0.0,0.0,0.0,0.0
202237,71,0,Barranquilla,4.0,15.0,3.0,15.0,-8.63224756505389
202238,73,0,Barranquilla,1.0,0.0,0.0,0.0,0.0
202239,79,42,Barranquilla,1.0,0.0,0.0,0.0,0.0
202242,68,30,Barranquilla,1.0,0.0,0.0,0.0,0.0
202243,74,28,Barranquilla,3.0,10.0,2.0,10.0,-6.02112676056338
202247,65,31,Barranquilla,1.0,0.0,0.0,0.0,0.0
202248,38,18,Barranquilla,3.0,10.0,2.0,10.0,-10.7594936708861
202249,31,0,Barranquilla,1.0,0.0,0.0,0.0,0.0
202250,10,18,Barranquilla,1.0,5.0,1.0,5.0,-2.38649592549476
202251,23,19,Barranquilla,2.0,20.0,2.0,20.0,-5.16129032258065
202252,13,0,Barranquilla,1.0,0.0,0.0,0.0,0.0
202301,22,20,Barranquilla,1.0,0.0,0.0,0.0,0.0
201803,29,36,Bucaramanga,2.0,7.0,2.0,7.0,-2.36220472440945
201805,31,0,Bucaramanga,3.0,29.0,3.0,21.0,-5.976102774594945
201806,49,0,Bucaramanga,1.0,5.0,1.0,5.0,-2.60115606936416
201808,46,0,Bucaramanga,3.0,10.0,3.0,10.0,-5.15595162316996
201809,61,1,Bucaramanga,2.0,10.0,2.0,10.0,-8.76923076923078
201810,70,56,Bucaramanga,1.0,4.0,1.0,4.0,-6.78391959798994
201811,63,0,Bucaramanga,2.0,15.0,2.0,10.0,-6.617127559750514
201812,56,0,Bucaramanga,2.0,220.0,20.0,220.0,-2.59901048036637
201813,42,0,Bucaramanga,2.0,20.0,2.0,20.0,-2.90697674418604
201814,48,1,Bucaramanga,3.0,4.0,3.0,4.0,-6.10996091249732
201816,46,24,Bucaramanga,1.0,5.0,1.0,5.0,-1.42021720969089
201817,50,0,Bucaramanga,2.0,20.0,2.0,20.0,-6.09882694902938
201820,46,26,Bucaramanga,1.0,2.0,1.0,2.0,-3.17178881008668
201821,87,57,Bucaramanga,6.0,36.0,6.0,36.0,-4.8854041013269
201822,50,28,Bucaramanga,1.0,1.0,1.0,1.0,-4.44444444444444
201823,65,0,Bucaramanga,2.0,16.0,2.0,16.0,-6.27615062761506
201824,53,57,Bucaramanga,7.0,36.0,7.0,30.0,-3.237092711319304
201825,23,0,Bucaramanga,3.0,22.0,3.0,22.0,-0.9956643977262534
201827,8,0,Bucaramanga,1.0,4.0,1.0,4.0,-7.84313725490196
201828,29,1,Bucaramanga,2.0,17.0,2.0,17.0,-3.66810178285588
201829,53,0,Bucaramanga,12.0,93.0,13.0,83.0,-5.527459434899594
201831,49,1,Bucaramanga,6.0,46.0,6.0,46.0,-8.05925538532245
201832,38,0,Bucaramanga,1.0,10.0,1.0,10.0,-3.16377171215881
201835,56,56,Bucaramanga,5.0,13.0,5.0,13.0,-7.645173453996984
201837,74,0,Bucaramanga,3.0,15.0,3.0,15.0,-1.40318054256314
201839,77,0,Bucaramanga,2.0,14.0,2.0,14.0,-6.90537084398977
201840,87,0,Bucaramanga,3.0,17.0,3.0,11.0,-6.02144256629306
201841,60,1,Bucaramanga,4.0,20.0,4.0,20.0,-5.41871921182266
201842,88,60,Bucaramanga,3.0,8.0,3.0,8.0,-5.0676090268349165
201843,73,38,Bucaramanga,6.0,36.0,6.0,36.0,-5.748643256615849
201850,26,0,Bucaramanga,1.0,1.0,1.0,1.0,-4.58937198067633
201851,17,0,Bucaramanga,2.0,18.0,2.0,10.0,-1.92307692307692
201902,39,0,Bucaramanga,4.0,21.0,4.0,21.0,-7.02054794520548
201903,28,0,Bucaramanga,1.0,4.0,2.0,4.0,-6.18556701030928
201904,35,1,Bucaramanga,1.0,5.0,1.0,5.0,-7.53880266075388
201905,44,36,Bucaramanga,1.0,7.0,1.0,7.0,-1.69753086419753
201906,40,0,Bucaramanga,2.0,4.0,2.0,4.0,-1.90045248868779
201913,66,1,Bucaramanga,5.0,102.0,15.0,102.0,-2.7138458375771024
201914,64,47,Bucaramanga,5.0,14.0,5.0,14.0,-2.532366216437598
201915,62,0,Bucaramanga,4.0,17.0,4.0,17.0,-3.283395582192065
201917,53,1,Bucaramanga,2.0,12.0,2.0,12.0,-3.71760084546332
201918,44,49,Bucaramanga,13.0,95.0,13.0,91.0,-7.270417483637377
201919,77,61,Bucaramanga,5.0,23.0,5.0,15.0,-5.176626651269526
201920,64,1,Bucaramanga,1.0,6.0,3.0,6.0,-2.7527595907001
201921,89,25,Bucaramanga,2.0,12.0,2.0,12.0,-5.75453254394216
201922,58,20,Bucaramanga,4.0,5.0,4.0,5.0,-1.91518467852257
201923,52,77,Bucaramanga,3.0,20.0,4.0,20.0,-2.297314081923437
201924,36,43,Bucaramanga,6.0,20.0,6.0,20.0,-2.0873943301288835
201925,40,1,Bucaramanga,17.0,252.0,69.0,246.0,-5.329514917601104
201926,34,0,Bucaramanga,11.0,48.0,11.0,48.0,-5.515985775641763
201927,29,1,Bucaramanga,6.0,18.0,6.0,18.0,-5.449591280653951
201928,48,21,Bucaramanga,8.0,30.0,8.0,30.0,-2.09910519309235
201929,66,0,Bucaramanga,6.0,40.0,6.0,40.0,0.1048949363304417
201932,46,0,Bucaramanga,12.0,336.0,57.0,336.0,-5.729969273451228
201933,66,0,Bucaramanga,1.0,10.0,1.0,10.0,-5.68475452196383
201934,69,46,Bucaramanga,1.0,10.0,1.0,10.0,-4.89451476793249
201935,63,65,Bucaramanga,1.0,8.0,1.0,8.0,-4.49826989619378
201936,63,96,Bucaramanga,8.0,27.0,8.0,27.0,-4.934205175751071
201937,60,0,Bucaramanga,1.0,1.0,1.0,1.0,-5.48780487804878
201942,55,56,Bucaramanga,1.0,2.0,1.0,2.0,-8.84955752212392
201943,76,35,Bucaramanga,2.0,4.0,2.0,4.0,-7.36263736263736
201945,89,49,Bucaramanga,2.0,10.0,4.0,10.0,-4.53057021366297
201947,56,0,Bucaramanga,4.0,14.0,4.0,14.0,-8.21441178697466
201948,60,2,Bucaramanga,6.0,37.0,8.0,37.0,-6.239116241566413
201949,22,0,Bucaramanga,2.0,4.0,2.0,4.0,-4.97780825333499
201950,33,1,Bucaramanga,1.0,2.0,1.0,2.0,-5.54371002132196
201952,19,26,Bucaramanga,2.0,4.0,2.0,4.0,-0.96582466567608
202003,14,0,Bucaramanga,21.0,112.0,32.0,112.0,-4.834387879960793
202005,20,1,Bucaramanga,4.0,20.0,4.0,20.0,-3.04371358161174
202010,59,40,Bucaramanga,1.0,3.0,1.0,3.0,-5.96658711217184
202011,75,17,Bucaramanga,8.0,30.0,8.0,30.0,-5.152839608085925
202013,58,0,Bucaramanga,7.0,22.0,7.0,22.0,-3.5087719298245594
202014,47,18,Bucaramanga,8.0,33.0,8.0,33.0,-5.0086242801729615
202019,64,70,Bucaramanga,2.0,20.0,2.0,20.0,-5.31822144725371
202020,75,0,Bucaramanga,2.0,50.0,8.0,50.0,-6.74131404441312
202021,84,37,Bucaramanga,6.0,185.0,21.0,185.0,-6.755992094052484
202022,77,35,Bucaramanga,2.0,10.0,2.0,10.0,-2.28215767634855
202027,55,0,Bucaramanga,3.0,14.0,3.0,14.0,-5.026071990357711
202028,63,0,Bucaramanga,1.0,10.0,1.0,10.0,-0.20703933747412
202031,49,0,Bucaramanga,11.0,150.0,50.0,150.0,-8.124426193795202
202032,58,1,Bucaramanga,1.0,2.0,1.0,2.0,-6.80661577608142
202036,86,14,Bucaramanga,1.0,10.0,1.0,10.0,-4.46009389671361
202037,89,42,Bucaramanga,3.0,17.0,3.0,17.0,-8.18363273453098
202039,86,32,Bucaramanga,3.0,8.0,3.0,8.0,-5.5059056130484665
202041,67,1,Bucaramanga,1.0,10.0,1.0,10.0,-3.65659777424483
202042,80,0,Bucaramanga,1.0,3.0,1.0,3.0,-3.03893637226971
202043,88,45,Bucaramanga,2.0,5.0,2.0,5.0,-3.56182795698925
202044,85,24,Bucaramanga,1.0,4.0,1.0,4.0,-3.56182795698925
202049,35,0,Bucaramanga,1.0,2.0,1.0,2.0,-2.48419150858176
202051,21,24,Bucaramanga,2.0,10.0,2.0,10.0,-4.369274136716
202102,27,0,Bucaramanga,1.0,2.0,1.0,2.0,-1.65975103734439
202104,36,0,Bucaramanga,3.0,9.0,3.0,9.0,-9.734814826464545
202105,19,23,Bucaramanga,1.0,1.0,1.0,1.0,-4.24881033310673
202110,77,0,Bucaramanga,2.0,10.0,2.0,10.0,-2.09059233449477
202111,56,0,Bucaramanga,5.0,17.0,5.0,17.0,-2.606479065826306
202114,64,23,Bucaramanga,1.0,2.0,1.0,2.0,-9.82286634460544
202116,72,35,Bucaramanga,1.0,18.0,4.0,17.0,-5.73812591814563
202117,73,31,Bucaramanga,2.0,25.0,2.0,25.0,-5.80459289022825
202118,51,15,Bucaramanga,13.0,786.0,134.0,786.0,-9.095973995114802
202119,82,15,Bucaramanga,6.0,60.0,12.0,60.0,-7.41139192424662
202121,71,0,Bucaramanga,1.0,10.0,1.0,10.0,-6.7911714770798
202122,51,16,Bucaramanga,1.0,10.0,1.0,10.0,-10.377358490566
202125,32,27,Bucaramanga,7.0,85.0,29.0,85.0,-5.734242950073569
202126,32,56,Bucaramanga,8.0,166.0,18.0,166.0,-5.0566388873127055
202127,28,1,Bucaramanga,12.0,278.0,64.0,278.0,-7.298885610521115
202128,48,29,Bucaramanga,12.0,109.0,39.0,109.0,-2.7625456590705797
202129,54,0,Bucaramanga,5.0,28.0,5.0,28.0,-5.80508474576271
202132,39,47,Bucaramanga,4.0,9.0,4.0,9.0,-4.946770936131675
202133,71,0,Bucaramanga,1.0,2.0,1.0,2.0,-9.05432595573445
202134,62,0,Bucaramanga,2.0,16.0,2.0,16.0,-1.61812297734627
202135,73,0,Bucaramanga,2.0,70.0,7.0,70.0,-7.996270815756805
202137,59,35,Bucaramanga,1.0,10.0,1.0,10.0,-7.82828282828287
202141,50,0,Bucaramanga,4.0,25.0,8.0,25.0,-5.784011412735793
202142,74,0,Bucaramanga,3.0,7.0,3.0,7.0,-5.675526494565214
202143,98,1,Bucaramanga,2.0,10.0,2.0,10.0,-4.61997019374069
202145,98,24,Bucaramanga,4.0,2144.0,111.0,2144.0,-11.619784638939125
202146,66,0,Bucaramanga,19.0,2943.0,189.0,2943.0,-10.324787970073348
202147,70,35,Bucaramanga,4.0,40.0,6.0,40.0,-6.56892483990563
202149,28,28,Bucaramanga,11.0,138.0,11.0,138.0,-3.863761470725714
202150,30,1,Bucaramanga,4.0,28.0,4.0,28.0,-5.705344233305052
202152,36,2,Bucaramanga,1.0,6.0,1.0,6.0,-7.18954248366013
202206,53,22,Bucaramanga,1.0,2.0,1.0,2.0,-7.04225352112676
202208,51,48,Bucaramanga,4.0,10.0,4.0,10.0,-4.995375979228817
202212,74,32,Bucaramanga,4.0,14.0,4.0,14.0,-1.41304347826087
202215,41,0,Bucaramanga,3.0,30.0,3.0,30.0,-6.679737499483867
202217,78,46,Bucaramanga,14.0,97.0,14.0,88.0,-5.954610698864209
202218,78,17,Bucaramanga,10.0,64.0,10.0,64.0,-5.27280671046679
202219,78,0,Bucaramanga,1.0,2.0,1.0,2.0,-4.37654830718414
202221,73,37,Bucaramanga,4.0,30.0,4.0,30.0,-3.509758939180965
202222,72,0,Bucaramanga,4.0,28.0,4.0,28.0,-2.40752483618685
202223,74,63,Bucaramanga,1.0,2.0,1.0,2.0,-0.26178010471204
202224,50,32,Bucaramanga,13.0,38.0,19.0,38.0,-3.102019233056175
202225,49,26,Bucaramanga,18.0,109.0,27.0,93.0,-2.530534176313457
202227,62,52,Bucaramanga,1.0,4.0,1.0,4.0,-6.21301775147929
202228,74,24,Bucaramanga,3.0,10.0,3.0,10.0,-8.54632587859426
202234,76,0,Bucaramanga,1.0,4.0,1.0,4.0,-1.61812297734627
202235,70,26,Bucaramanga,2.0,70.0,7.0,70.0,-1.833068525272425
202237,63,30,Bucaramanga,1.0,6.0,1.0,6.0,-8.53994490358131
202242,76,32,Bucaramanga,1.0,5.0,1.0,5.0,-1.82864883169658
202249,24,0,Bucaramanga,2.0,1760.0,176.0,1760.0,-5.11201202618312
201802,0,0,Ibagué,23.0,484.0,116.0,484.0,-5.684209810283939
201803,0,1,Ibagué,10.0,187.0,18.0,187.0,-4.216757912401871
201805,49,0,Ibagué,1.0,10.0,1.0,10.0,-4.26229508196721
201807,43,32,Ibagué,7.0,70.0,9.0,54.0,-5.973459785900443
201809,48,0,Ibagué,5.0,8.0,5.0,8.0,-3.6
201810,58,0,Ibagué,14.0,724.0,40.0,584.0,-4.093858116794459
201811,74,0,Ibagué,1.0,10.0,1.0,10.0,-0.10810810810811
201813,25,0,Ibagué,1.0,10.0,1.0,10.0,-5.94795539033457
201814,51,0,Ibagué,1.0,4.0,1.0,4.0,-2.15517241379311
201815,53,1,Ibagué,1.0,8.0,1.0,8.0,-8.27067669172932
201818,46,39,Ibagué,1.0,4.0,1.0,4.0,-7.74378585086042
201820,74,31,Ibagué,1.0,1.0,1.0,1.0,-5.9748427672956
201822,38,2,Ibagué,6.0,46.0,8.0,46.0,-5.887939321370751
201825,21,0,Ibagué,2.0,8.0,3.0,8.0,-4.86466101155931
201826,18,0,Ibagué,2.0,16.0,2.0,16.0,-2.01740248133476
201829,38,0,Ibagué,1.0,5.0,1.0,5.0,-8.92857142857143
201832,46,57,Ibagué,2.0,32.0,2.0,12.0,-4.521941011623905
201833,61,2,Ibagué,4.0,34.0,12.0,34.0,-5.12738906709436
201834,50,0,Ibagué,6.0,58.0,7.0,58.0,-2.6431509984838133
201836,14,0,Ibagué,2.0,100.0,9.0,100.0,-6.371716794240395
201839,53,47,Ibagué,1.0,6.0,1.0,6.0,1.75438596491228
201842,50,0,Ibagué,1.0,10.0,1.0,10.0,-0.53995680345572
201844,73,1,Ibagué,2.0,20.0,2.0,20.0,-2.27617602427921
201845,100,0,Ibagué,1.0,2.0,1.0,2.0,-2.47167868177137
201846,59,0,Ibagué,9.0,90.0,12.0,90.0,-2.260848161341582
201847,80,0,Ibagué,5.0,18.0,9.0,18.0,-1.068869385647908
201850,27,0,Ibagué,1.0,16.0,2.0,16.0,-6.64452912129567
201851,28,89,Ibagué,1.0,50.0,4.0,50.0,-1.31642762271268
201902,16,81,Ibagué,3.0,14.0,3.0,14.0,-7.506527415143611
201904,33,0,Ibagué,2.0,10.0,2.0,10.0,-3.58208955223881
201907,46,1,Ibagué,1.0,10.0,1.0,10.0,-5.52147239263803
201909,58,1,Ibagué,2.0,2.0,2.0,2.0,-4.12946428571428
201911,80,33,Ibagué,6.0,25.0,6.0,25.0,-1.5970376555260266
201912,80,0,Ibagué,4.0,16.0,4.0,16.0,-6.698137443802205
201917,70,27,Ibagué,9.0,44.0,9.0,44.0,-5.040188292135956
201918,72,0,Ibagué,3.0,14.0,3.0,14.0,-7.531106745252129
201922,90,70,Ibagué,1.0,4.0,1.0,4.0,-7.87234042553191
201924,42,34,Ibagué,1.0,8.0,2.0,8.0,3.53130925880122
201926,58,2,Ibagué,7.0,35.0,7.0,35.0,-1.5592945197573929
201927,31,0,Ibagué,4.0,20.0,4.0,20.0,2.33009708737864
201929,21,0,Ibagué,1.0,4.0,1.0,4.0,-8.98203592814371
201930,35,1,Ibagué,1.0,2.0,1.0,2.0,-6.45792563600783
201933,54,0,Ibagué,5.0,20.0,5.0,20.0,-0.55762081784386
201935,71,0,Ibagué,1.0,10.0,1.0,10.0,-2.50260688216892
201936,93,44,Ibagué,2.0,50.0,9.0,50.0,-6.371716794240395
201937,67,0,Ibagué,1.0,16.0,1.0,16.0,-7.69230769230769
201940,69,0,Ibagué,3.0,39.0,5.0,39.0,-4.200654266126933
201941,41,0,Ibagué,2.0,48.0,14.0,48.0,-6.46935070192216
201943,64,1,Ibagué,1.0,10.0,1.0,10.0,-5.0321199143469
201946,51,40,Ibagué,2.0,4.0,2.0,4.0,-1.96206671026815
201947,45,1,Ibagué,4.0,9.0,4.0,9.0,-9.195652540325536
201948,53,1,Ibagué,2.0,10.0,2.0,10.0,-4.31654676258993
201949,10,33,Ibagué,2.0,16.0,2.0,16.0,-3.53356890459363
201951,17,0,Ibagué,3.0,15.0,3.0,15.0,-5.41538461538462
201952,10,1,Ibagué,3.0,460.0,45.0,460.0,-8.365258880786877
202003,14,0,Ibagué,2.0,14.0,2.0,14.0,-5.399095827466089
202009,65,23,Ibagué,3.0,14.0,3.0,14.0,-4.85714285714286
202012,48,40,Ibagué,2.0,120.0,12.0,120.0,-4.562128600186645
202015,22,0,Ibagué,1.0,10.0,1.0,10.0,-4.28571428571428
202036,57,0,Ibagué,9.0,22.0,9.0,22.0,-7.067748868763816
202037,63,0,Ibagué,1.0,8.0,1.0,8.0,-9.85915492957748
202038,73,0,Ibagué,4.0,30.0,4.0,30.0,-5.41567981327017
202041,29,1,Ibagué,4.0,25.0,4.0,25.0,-5.564473545252925
202042,63,1,Ibagué,1.0,10.0,1.0,10.0,-7.32274312282061
202052,18,0,Ibagué,1.0,1.0,1.0,1.0,-4.45121951219512
202101,22,25,Ibagué,2.0,4.0,2.0,4.0,-5.6140350877193
202103,13,28,Ibagué,8.0,26.0,8.0,26.0,-0.25176233635448
202105,34,4,Ibagué,1.0,2.0,1.0,2.0,-5.84022038567493
202106,52,0,Ibagué,1.0,2.0,1.0,2.0,-5.7886351566649
202112,64,1,Ibagué,1.0,5.0,1.0,5.0,-5.94795539033457
202115,77,0,Ibagué,3.0,10.0,3.0,10.0,-7.39030023094688
202116,66,0,Ibagué,3.0,20.0,3.0,20.0,-7.87330316742083
202117,47,23,Ibagué,3.0,60.0,6.0,60.0,-7.99519106082387
202118,84,37,Ibagué,12.0,70.0,12.0,70.0,-9.974792250594565
202119,82,26,Ibagué,8.0,45.0,8.0,45.0,-7.895501924499855
202120,79,0,Ibagué,1.0,4.0,1.0,4.0,-8.36653386454183
202122,46,0,Ibagué,4.0,32.0,4.0,32.0,-4.93737941965533
202123,31,0,Ibagué,1.0,5.0,1.0,5.0,-5.99001663893511
202124,50,22,Ibagué,1.0,2.0,1.0,2.0,-2.88590604026846
202136,61,0,Ibagué,1.0,60.0,6.0,60.0,-7.79601486732062
202137,71,22,Ibagué,3.0,30.0,3.0,30.0,-6.909550672870137
202139,80,33,Ibagué,1.0,10.0,1.0,10.0,-7.50825082508251
202141,69,0,Ibagué,2.0,7.0,2.0,7.0,-5.90909090909091
202146,45,1,Ibagué,3.0,48.0,5.0,48.0,-7.46356931810334
202152,16,0,Ibagué,4.0,16.0,4.0,16.0,-6.205073995771675
202201,18,0,Ibagué,2.0,5.0,2.0,5.0,-5.84022038567493
202205,40,0,Ibagué,8.0,30.0,8.0,30.0,-5.411501377410465
202206,55,1,Ibagué,7.0,33.0,7.0,33.0,-5.7886351566649
202211,75,18,Ibagué,2.0,44.0,5.0,44.0,0.5486160585933235
202217,68,16,Ibagué,1.0,10.0,1.0,10.0,-4.04411764705883
202224,40,61,Ibagué,14.0,216.0,26.0,216.0,-3.4311129895872026
202225,31,0,Ibagué,4.0,78.0,14.0,78.0,-1.6275992750606123
202226,31,0,Ibagué,3.0,24.0,7.0,24.0,-7.613563622887454
202228,65,0,Ibagué,2.0,12.0,2.0,12.0,-3.02114803625377
202230,45,0,Ibagué,1.0,1.0,1.0,1.0,-4.12026726057906
202231,47,1,Ibagué,2.0,14.0,2.0,14.0,-5.69105691056911
202232,65,45,Ibagué,3.0,14.0,3.0,14.0,-2.35988200589971
202234,78,0,Ibagué,1.0,2.0,1.0,2.0,-8.52475752935171
202242,59,34,Ibagué,2.0,7.0,2.0,7.0,-7.26817042606516
202246,71,0,Ibagué,1.0,1.0,1.0,1.0,-5.47945205479452
201801,26,0,Popayán,6.0,19.0,6.0,19.0,-5.98290598290598
201803,0,0,Popayán,1.0,2.0,1.0,2.0,-6.05095541401274
201804,42,33,Popayán,8.0,44.0,8.0,44.0,-4.716462766528471
201805,19,0,Popayán,3.0,10.0,3.0,10.0,-3.93765381460213
201807,40,0,Popayán,4.0,10.0,4.0,10.0,0.0
201809,32,1,Popayán,1.0,110.0,9.0,110.0,-7.38864883340054
201810,42,0,Popayán,12.0,148.0,19.0,148.0,-6.50105219046059
201814,36,0,Popayán,4.0,14.0,4.0,14.0,-6.79611650485437
201815,25,0,Popayán,1.0,10.0,1.0,10.0,-9.47368421052636
201816,22,1,Popayán,3.0,20.0,3.0,20.0,-9.52380952380953
201817,36,0,Popayán,2.0,8.0,2.0,8.0,-1.07965451055662
201818,17,0,Popayán,2.0,230.0,46.0,230.0,-2.85106023046739
201819,65,0,Popayán,4.0,50.0,10.0,50.0,-2.90912937691738
201820,55,0,Popayán,3.0,30.0,3.0,30.0,-5.55555555555555
201822,65,0,Popayán,3.0,5.0,3.0,5.0,-7.386842212863367
201823,72,28,Popayán,4.0,20.0,4.0,20.0,-3.834929076829543
201825,1,0,Popayán,1.0,10.0,1.0,10.0,-2.42925787506673
201830,42,0,Popayán,5.0,95.0,17.0,95.0,-5.564569572295698
201831,53,0,Popayán,4.0,11.0,4.0,11.0,-3.19767441860465
201832,59,37,Popayán,2.0,20.0,2.0,20.0,-9.97067448680347
201833,40,1,Popayán,1.0,2.0,1.0,2.0,-9.8
201834,12,2,Popayán,2.0,5.0,2.0,5.0,-5.72687224669604
201839,56,27,Popayán,1.0,8.0,1.0,8.0,-3.97196261682243
201841,47,0,Popayán,7.0,26.0,7.0,25.0,-8.64695225426242
201844,60,26,Popayán,5.0,40.0,5.0,40.0,-3.737132310796246
201845,48,45,Popayán,2.0,20.0,2.0,20.0,-6.57894736842106
201849,29,0,Popayán,5.0,60.0,5.0,40.0,-6.76794025881029
201850,55,0,Popayán,2.0,42.0,6.0,42.0,-5.183713787408856
201851,1,0,Popayán,1.0,3.0,1.0,3.0,-5.6
201903,25,0,Popayán,1.0,10.0,1.0,10.0,-5.70264765784114
201911,62,1,Popayán,2.0,20.0,2.0,20.0,-6.10079575596817
201912,66,0,Popayán,3.0,10.0,3.0,10.0,-5.66448801742919
201913,48,1,Popayán,1.0,20.0,1.0,10.0,-10.0790513833992
201914,51,0,Popayán,8.0,55.0,8.0,41.0,-7.763022374159053
201915,66,25,Popayán,3.0,16.0,7.0,16.0,-4.927445810349046
201916,29,0,Popayán,4.0,18.0,4.0,18.0,-7.62942779291553
201918,48,24,Popayán,1.0,1.0,1.0,1.0,-2.66666666666667
201919,31,39,Popayán,3.0,6.0,3.0,6.0,-3.65699873896595
201923,47,0,Popayán,1.0,20.0,2.0,20.0,-2.66601832830689
201924,48,0,Popayán,3.0,10.0,3.0,10.0,-5.98503740648379
201925,38,1,Popayán,6.0,55.0,6.0,46.0,-5.98503740648379
201926,18,1,Popayán,7.0,36.0,7.0,36.0,-7.490202513778551
201932,27,51,Popayán,12.0,54.0,12.0,54.0,-6.395275191589085
201933,37,30,Popayán,5.0,33.0,5.0,33.0,-5.672681927496216
201938,46,0,Popayán,4.0,20.0,4.0,20.0,-4.094827586206895
201940,43,0,Popayán,1.0,6.0,2.0,6.0,-7.99226029597989
201942,35,0,Popayán,7.0,55.0,11.0,55.0,2.441426292318038
201943,37,0,Popayán,3.0,14.0,3.0,14.0,-5.78291814946619
201944,44,0,Popayán,20.0,475.0,55.0,475.0,-6.816752819805954
201945,50,0,Popayán,21.0,127.0,22.0,122.0,-5.697272080385552
201947,38,26,Popayán,11.0,139.0,17.0,139.0,-9.862317537524614
201948,69,33,Popayán,18.0,69.0,18.0,69.0,-9.79824306679098
201949,28,0,Popayán,10.0,90.0,10.0,90.0,-3.2999115966142583
201950,37,37,Popayán,3.0,29.0,3.0,15.0,-8.31706414526154
201952,10,0,Popayán,12.0,51.0,12.0,51.0,-4.19240953221535
202003,0,2,Popayán,5.0,25.0,5.0,20.0,-8.595074986113683
202008,45,24,Popayán,1.0,2.0,1.0,2.0,-5.75275397796818
202009,74,0,Popayán,4.0,11.0,4.0,11.0,-5.87236122950408
202014,29,1,Popayán,2.0,4.0,2.0,4.0,-4.38388625592417
202016,24,43,Popayán,1.0,2.0,1.0,2.0,-8.76288659793814
202018,46,26,Popayán,4.0,13.0,4.0,13.0,-4.25407925407926
202021,62,46,Popayán,6.0,64.0,6.0,64.0,-7.33788395904437
202024,42,0,Popayán,1.0,5.0,1.0,5.0,-5.00676589986468
202028,26,26,Popayán,1.0,10.0,1.0,10.0,-4.97131931166348
202029,49,20,Popayán,1.0,10.0,1.0,10.0,-10.6382978723404
202034,43,0,Popayán,1.0,5.0,1.0,5.0,-5.98705501618123
202036,40,1,Popayán,6.0,9.0,6.0,9.0,-7.2289156626506
202041,45,22,Popayán,1.0,4.0,1.0,4.0,-7.41797432239657
202044,64,41,Popayán,2.0,20.0,2.0,20.0,-8.00000000000001
202047,35,0,Popayán,1.0,10.0,1.0,10.0,-4.01211203633611
202052,0,1,Popayán,8.0,51.0,8.0,38.0,-8.800455546160666
202103,34,0,Popayán,1.0,5.0,1.0,5.0,-1.58013544018059
202105,21,0,Popayán,4.0,18.0,12.0,18.0,-5.15995872033023
202107,53,2,Popayán,13.0,180.0,39.0,180.0,-4.369309144903503
202108,47,1,Popayán,1.0,8.0,1.0,8.0,-3.41625788367204
202114,50,1,Popayán,1.0,5.0,1.0,5.0,-7.08661417322835
202115,41,0,Popayán,1.0,10.0,1.0,10.0,-9.37499999999997
202116,48,0,Popayán,4.0,77.0,15.0,77.0,-7.148789257543813
202117,40,0,Popayán,2.0,12.0,2.0,12.0,-10.7913669064749
202122,37,16,Popayán,2.0,14.0,2.0,14.0,-5.72042467138524
202126,0,1,Popayán,4.0,8.0,4.0,8.0,-6.50689428759028
202128,27,1,Popayán,1.0,3.0,1.0,3.0,-5.73294629898403
202132,37,40,Popayán,5.0,16.0,6.0,16.0,-6.285145571189242
202133,49,0,Popayán,1.0,2.0,1.0,2.0,0.0762776506483598
202135,72,0,Popayán,1.0,6.0,1.0,6.0,-4.41696113074205
202137,29,2,Popayán,8.0,42.0,8.0,42.0,-5.667888030921795
202140,78,0,Popayán,2.0,10.0,2.0,10.0,-2.9934518241347
202142,30,0,Popayán,5.0,120.0,5.0,100.0,-7.017543859649121
202203,12,1,Popayán,3.0,25.0,3.0,25.0,-10.843373493975898
202204,29,0,Popayán,7.0,96.0,11.0,88.0,-6.102471499660124
202205,33,1,Popayán,2.0,10.0,2.0,10.0,-5.718281718281714
202214,91,0,Popayán,1.0,2.0,1.0,2.0,-2.89330922242315
202221,48,23,Popayán,4.0,19.0,4.0,19.0,-7.5
202227,46,0,Popayán,6.0,40.0,6.0,40.0,-7.454381540527147
202231,52,25,Popayán,3.0,10.0,3.0,10.0,-9.1575091575092
202233,49,29,Popayán,2.0,6.0,2.0,6.0,0.0762776506483598
202235,63,0,Popayán,4.0,54.0,12.0,54.0,-7.826496753148127
202236,60,23,Popayán,9.0,60.0,9.0,50.0,-8.495828179431193
202239,55,37,Popayán,4.0,297.0,50.0,292.0,-6.97642164389455
202240,45,0,Popayán,2.0,21.0,2.0,21.0,-7.473073399165225
202249,36,0,Popayán,3.0,6.0,3.0,6.0,-11.550151975683898
201802,0,0,Cúcuta,2.0,10.0,2.0,10.0,-5.17711171662125
201803,18,0,Cúcuta,1.0,10.0,1.0,10.0,-2.36220472440945
201804,22,63,Cúcuta,6.0,51.0,6.0,51.0,-1.9812180755850637
201805,23,0,Cúcuta,1.0,5.0,1.0,5.0,-5.82524271844661
201806,19,1,Cúcuta,4.0,11.0,4.0,11.0,-1.2898817345597848
201807,24,0,Cúcuta,2.0,18.0,2.0,18.0,-3.65448504983389
201808,52,36,Cúcuta,2.0,6.0,2.0,6.0,-5.15595162316996
201809,36,1,Cúcuta,16.0,867.0,204.0,867.0,-8.215090794979034
201810,49,45,Cúcuta,24.0,100.0,24.0,100.0,-6.818608604039127
201812,34,34,Cúcuta,1.0,2.0,1.0,2.0,-8.4134615384615
201813,19,0,Cúcuta,3.0,13.0,3.0,13.0,-4.573170731707314
201814,45,33,Cúcuta,2.0,20.0,2.0,20.0,-3.19318786588611
201819,51,0,Cúcuta,2.0,9.0,2.0,9.0,-2.55681818181818
201820,38,29,Cúcuta,2.0,10.0,2.0,10.0,-7.43099787685775
201821,53,23,Cúcuta,5.0,49.0,7.0,49.0,-2.857876114979006
201822,62,39,Cúcuta,7.0,19.0,7.0,19.0,-1.76604744589922
201823,42,0,Cúcuta,2.0,10.0,2.0,10.0,0.14333492594362
201825,0,0,Cúcuta,9.0,40.0,9.0,40.0,-1.3092450275490732
201827,11,1,Cúcuta,2.0,20.0,2.0,20.0,-5.79150579150579
201828,27,0,Cúcuta,20.0,303.0,45.0,303.0,-5.510219716229093
201830,30,0,Cúcuta,7.0,207.0,186.0,204.0,-2.0837868870939498
201831,34,0,Cúcuta,10.0,45.0,17.0,45.0,-5.054848409852683
201832,29,1,Cúcuta,7.0,88.0,15.0,62.0,-5.224133415877076
201833,25,1,Cúcuta,7.0,30.0,7.0,30.0,-1.17021276595745
201834,18,66,Cúcuta,4.0,26.0,8.0,26.0,-7.667709566058097
201835,29,0,Cúcuta,15.0,70.0,15.0,70.0,-1.9558423632147568
201837,54,87,Cúcuta,11.0,37.0,11.0,37.0,-3.386013634694875
201838,58,1,Cúcuta,7.0,27.0,7.0,27.0,-1.0204081632653
201839,51,0,Cúcuta,1.0,5.0,1.0,5.0,-4.09090909090909
201841,54,1,Cúcuta,8.0,54.0,8.0,54.0,-1.952392120075045
201842,57,1,Cúcuta,5.0,470.0,55.0,462.0,-4.883850180952836
201843,43,74,Cúcuta,4.0,39.0,5.0,39.0,-5.96430075475027
201844,53,0,Cúcuta,3.0,10.0,3.0,10.0,-7.21561782084851
201847,37,0,Cúcuta,5.0,22.0,5.0,22.0,-3.4266717811021565
201851,10,41,Cúcuta,7.0,22.0,7.0,22.0,-2.6378896882494
201852,0,0,Cúcuta,8.0,31.0,10.0,31.0,-5.672526762733517
201901,18,46,Cúcuta,9.0,34.0,9.0,34.0,-2.343192876606929
201902,12,0,Cúcuta,3.0,10.0,3.0,10.0,-2.603514628831087
201903,20,0,Cúcuta,8.0,34.0,8.0,34.0,-1.868263244493704
201904,10,0,Cúcuta,7.0,22.0,7.0,22.0,-0.32509752925878
201906,22,1,Cúcuta,17.0,42.0,17.0,42.0,-4.431063002024859
201907,40,0,Cúcuta,1.0,5.0,1.0,5.0,-3.83141762452107
201908,39,0,Cúcuta,87.0,865.0,326.0,865.0,-3.05142358466783
201909,25,1,Cúcuta,85.0,707.0,136.0,679.0,-3.810217798085242
201910,56,1,Cúcuta,10.0,31.0,10.0,31.0,-4.888604926157911
201911,41,36,Cúcuta,3.0,130.0,62.0,130.0,-4.397077288222683
201913,31,0,Cúcuta,3.0,11.0,3.0,11.0,-5.516472404987553
201914,44,0,Cúcuta,1.0,10.0,1.0,10.0,-3.75816993464053
201915,69,32,Cúcuta,1.0,10.0,1.0,10.0,-3.73578776394153
201916,43,33,Cúcuta,8.0,28.0,8.0,28.0,-4.325469270841456
201917,31,45,Cúcuta,9.0,33.0,9.0,31.0,-5.816664816002841
201918,25,0,Cúcuta,4.0,21.0,4.0,21.0,-7.428581687911027
201919,54,3,Cúcuta,1.0,5.0,1.0,5.0,-5.00863557858377
201923,36,0,Cúcuta,3.0,12.0,3.0,12.0,-4.2335346563129095
201925,13,0,Cúcuta,3.0,12.0,3.0,12.0,-8.18293944457706
201926,21,49,Cúcuta,10.0,38.0,10.0,38.0,-4.70119521912351
201930,30,0,Cúcuta,8.0,46.0,11.0,46.0,-2.802981599904165
201931,26,56,Cúcuta,1.0,10.0,1.0,10.0,-5.49828178694158
201932,44,55,Cúcuta,7.0,45.0,7.0,45.0,-3.406315562967347
201933,31,24,Cúcuta,7.0,20.0,9.0,20.0,-5.36578452519219
201935,34,51,Cúcuta,12.0,35.0,12.0,35.0,-3.7000008450122848
201936,45,2,Cúcuta,5.0,43.0,5.0,33.0,-3.1582069115694624
201937,43,29,Cúcuta,5.0,7.0,5.0,7.0,-5.112563112563111
201938,39,32,Cúcuta,9.0,58.0,11.0,58.0,-6.261446051383823
201939,52,0,Cúcuta,13.0,85.0,18.0,85.0,-3.010351099762582
201940,61,26,Cúcuta,3.0,22.0,3.0,12.0,-5.18172131075357
201941,31,35,Cúcuta,1.0,10.0,1.0,10.0,-2.99625468164794
201944,48,63,Cúcuta,10.0,86.0,10.0,57.0,-6.612693034943442
201945,55,0,Cúcuta,8.0,35.0,8.0,35.0,-5.288200794459999
201946,38,0,Cúcuta,5.0,40.0,5.0,31.0,-5.27777777777778
201948,57,0,Cúcuta,5.0,28.0,7.0,28.0,-5.89434748756918
201949,26,37,Cúcuta,2.0,20.0,2.0,20.0,-6.205029089547825
201951,13,1,Cúcuta,7.0,30.0,7.0,30.0,-2.92207792207792
201952,20,26,Cúcuta,2.0,24.0,4.0,24.0,-2.98652959943283
202011,53,1,Cúcuta,1.0,10.0,1.0,10.0,-4.77707006369427
202012,41,0,Cúcuta,3.0,4.0,3.0,4.0,-0.8770367787920333
202019,60,18,Cúcuta,1.0,2.0,1.0,2.0,-5.5956678700361
202020,64,53,Cúcuta,2.0,40.0,4.0,40.0,-6.876737490737366
202021,44,14,Cúcuta,1.0,3.0,1.0,3.0,-4.30232558139535
202023,68,0,Cúcuta,1.0,10.0,1.0,10.0,-6.88107703814513
202024,75,32,Cúcuta,5.0,15.0,5.0,15.0,-3.84615384615385
202025,60,0,Cúcuta,2.0,10.0,4.0,10.0,-6.87334672644471
202026,42,28,Cúcuta,4.0,40.0,7.0,40.0,-11.519726975391992
202031,31,31,Cúcuta,9.0,58.0,11.0,58.0,-1.130684343437801
202032,30,0,Cúcuta,1.0,10.0,1.0,10.0,-6.38297872340426
202033,43,21,Cúcuta,1.0,10.0,1.0,10.0,-1.35135135135136
202034,56,0,Cúcuta,11.0,64.0,11.0,54.0,-6.566527770472933
202035,44,28,Cúcuta,1.0,10.0,1.0,10.0,-7.6846307385229
202036,62,1,Cúcuta,6.0,16.0,6.0,16.0,-6.259067684349962
202037,51,1,Cúcuta,5.0,37.0,6.0,35.0,-4.550230359219142
202038,61,0,Cúcuta,1.0,5.0,1.0,5.0,-5.24967989756722
202041,50,0,Cúcuta,11.0,50.0,12.0,50.0,-1.6563465147996417
202043,58,0,Cúcuta,1.0,2.0,1.0,2.0,-5.88235294117647
202044,81,1,Cúcuta,3.0,14.0,3.0,14.0,0.72595281306715
202047,61,19,Cúcuta,15.0,175.0,37.0,175.0,-6.566343515797348
202048,76,40,Cúcuta,4.0,36.0,5.0,36.0,-3.49083182170841
202051,27,0,Cúcuta,1.0,4.0,1.0,4.0,-9.31899641577061
202053,22,0,Cúcuta,3.0,30.0,4.0,30.0,-3.259398278188343
202101,9,0,Cúcuta,3.0,22.0,5.0,22.0,-7.40102883852112
202105,20,0,Cúcuta,2.0,15.0,2.0,15.0,-2.53623188405797
202108,34,44,Cúcuta,5.0,26.0,5.0,26.0,-1.89822369824198
202112,56,0,Cúcuta,6.0,310.0,26.0,310.0,-6.26501543204247
202113,27,0,Cúcuta,6.0,34.0,6.0,34.0,-7.378758635120242
202114,58,20,Cúcuta,1.0,5.0,1.0,5.0,-5.03978779840849
202115,45,26,Cúcuta,2.0,17.0,2.0,17.0,-11.4558472553699
202116,52,69,Cúcuta,1.0,2.0,1.0,2.0,-3.40314136125655
202118,56,0,Cúcuta,14.0,39.0,14.0,39.0,-6.209114373309686
202119,71,0,Cúcuta,1.0,2.0,1.0,2.0,-7.30659025787965
202124,42,36,Cúcuta,20.0,226.0,55.0,226.0,-9.230269394027
202125,33,22,Cúcuta,16.0,420.0,73.0,412.0,-6.551793026919868
202126,25,0,Cúcuta,21.0,78.0,23.0,78.0,-6.657224754555701
202127,30,0,Cúcuta,8.0,24.0,8.0,24.0,-6.54307524536533
202128,41,29,Cúcuta,6.0,27.0,6.0,27.0,-5.028178036643689
202129,47,0,Cúcuta,11.0,120.0,19.0,120.0,-7.855358211104848
202130,49,0,Cúcuta,9.0,70.0,14.0,70.0,-7.159159408949146
202131,46,0,Cúcuta,3.0,19.0,5.0,19.0,-6.83726451883328
202132,55,34,Cúcuta,6.0,15.0,6.0,15.0,-6.50032829940906
202133,37,17,Cúcuta,2.0,8.0,2.0,8.0,-9.05432595573445
202135,50,1,Cúcuta,7.0,236.0,32.0,236.0,-6.837663329961943
202136,64,0,Cúcuta,1.0,10.0,1.0,10.0,-5.12820512820512
202137,63,29,Cúcuta,1.0,8.0,1.0,8.0,-7.82828282828287
202139,73,47,Cúcuta,5.0,94.0,21.0,94.0,-5.921343590614238
202140,35,30,Cúcuta,6.0,43.0,12.0,41.0,-8.829173294753577
202141,68,1,Cúcuta,5.0,27.0,5.0,27.0,-6.5316760224538895
202142,57,41,Cúcuta,16.0,99.0,20.0,96.0,-6.254643733796899
202143,59,52,Cúcuta,8.0,170.0,34.0,170.0,-5.27091580799488
202144,80,33,Cúcuta,1.0,4.0,1.0,4.0,-4.59590704127645
202145,53,31,Cúcuta,2.0,32.0,16.0,32.0,-9.30248066150971
202146,39,87,Cúcuta,5.0,109.0,24.0,109.0,-7.207023640895248
202147,59,67,Cúcuta,12.0,120.0,12.0,120.0,-1.1567854251246
202148,20,48,Cúcuta,3.0,20.0,3.0,20.0,-4.202286513675396
202150,22,1,Cúcuta,35.0,599.0,116.0,572.0,-8.3582164668902
202152,9,1,Cúcuta,7.0,63.0,15.0,63.0,-6.246479337937489
202202,8,0,Cúcuta,1.0,10.0,1.0,10.0,-3.15284441398218
202204,25,48,Cúcuta,3.0,28.0,4.0,28.0,-6.197005367737063
202205,32,1,Cúcuta,3.0,10.0,3.0,10.0,-5.42168674698796
202207,29,0,Cúcuta,1.0,5.0,1.0,5.0,-0.30395136778116
202210,49,20,Cúcuta,3.0,5.0,3.0,5.0,-6.63900414937759
202211,39,16,Cúcuta,1.0,2.0,1.0,2.0,-1.43760782058654
202212,69,0,Cúcuta,8.0,21.0,8.0,21.0,-11.723925310881825
202213,44,0,Cúcuta,8.0,20.0,8.0,20.0,-11.6152832674572
202217,54,13,Cúcuta,5.0,17.0,5.0,17.0,-6.87022900763359
202218,49,13,Cúcuta,1.0,5.0,1.0,5.0,-9.24528301886791
202219,59,65,Cúcuta,2.0,10.0,2.0,10.0,-0.757594881404315
202221,52,1,Cúcuta,3.0,10.0,3.0,10.0,-7.54147812971346
202222,37,29,Cúcuta,5.0,65.0,5.0,25.0,-6.229186524484692
202223,46,0,Cúcuta,2.0,2.0,2.0,2.0,-7.12830957230142
202225,30,56,Cúcuta,1.0,1.0,1.0,1.0,-3.27357755261107
202229,57,0,Cúcuta,1.0,50.0,5.0,50.0,-5.39990699837247
202230,24,18,Cúcuta,2.0,4.0,2.0,4.0,-1.04166666666667
202236,100,52,Cúcuta,2.0,90.0,7.0,70.0,-6.831336719012089
202238,64,0,Cúcuta,3.0,170.0,17.0,170.0,-5.332215903606106
202240,61,32,Cúcuta,1.0,5.0,1.0,5.0,0.28142589118199
202241,35,0,Cúcuta,2.0,10.0,2.0,10.0,0.0
202242,58,0,Cúcuta,2.0,20.0,2.0,20.0,-3.79537953795379
202243,67,1,Cúcuta,4.0,26.0,4.0,26.0,-4.11239223305258
202244,29,19,Cúcuta,2.0,10.0,2.0,10.0,-5.1464303670186
202249,9,0,Cúcuta,2.0,5.0,2.0,5.0,-6.45161290322581
202250,28,0,Cúcuta,1.0,3.0,1.0,3.0,-5.19527051236116
